datetime,ISPU PM2.5,temp,dew,humidity,precip,windspeed,AOD
2022-01-01,63.25,28.5,23.8,76.8,0.451,22.3,0.47219998
2022-01-02,63.25,28.2,23.8,78.7,0.0,24.1,0.31969999
2022-01-03,63.25,28.6,22.6,72.6,0.0,18.5,0.1672
2022-01-04,63.25,28.1,23.2,75.8,0.0,14.8,0.39299998
2022-01-05,63.25,28.3,23.8,78.4,24.792,17.9,0.2784
2022-01-06,63.25,27.3,24.9,88.0,9.308,16.6,0.2618
2022-01-07,63.25,27.6,23.6,81.0,0.915,29.1,0.2452
2022-01-08,63.25,28.2,24.1,80.0,0.072,22.3,0.27192
2022-01-09,63.25,28.6,24.1,77.6,0.0,16.6,0.29864
2022-01-10,63.25,27.9,24.6,83.1,10.657,18.4,0.32536
2022-01-11,63.25,26.3,24.4,90.6,56.46,16.8,0.35208
2022-01-12,63.25,26.3,24.2,89.2,15.799,18.5,0.3788
2022-01-13,59.41666666666666,27.1,24.2,85.3,5.332,24.1,0.34576
2022-01-14,61.16666666666666,26.9,24.5,87.5,15.945,18.4,0.31272
2022-01-15,69.16666666666667,26.9,24.3,86.6,4.084,16.6,0.27968000000000004
2022-01-16,81.38333333333333,27.0,25.2,90.4,8.99,11.0,0.24664000000000003
2022-01-17,93.6,27.9,24.7,83.8,13.371,18.4,0.2136
2022-01-18,65.86666666666666,26.0,24.6,92.5,120.516,18.4,0.18185
2022-01-19,52.4375,27.1,24.0,84.5,60.05,27.7,0.1501
2022-01-20,56.10526315789474,25.8,23.3,86.5,3.272,17.8,0.11835000000000001
2022-01-21,49.23076923076923,27.1,23.7,82.6,0.957,14.8,0.0866
2022-01-22,70.84615384615384,27.1,24.1,84.4,14.151,16.6,0.1011
2022-01-23,66.6875,29.0,23.8,75.3,0.0,16.6,0.1156
2022-01-24,69.33333333333333,28.9,23.3,73.5,0.0,27.8,0.2052
2022-01-25,57.71428571428572,28.5,24.1,77.5,3.308,27.6,0.387
2022-01-26,54.333333333333336,27.1,24.7,87.0,1.489,13.0,0.641
2022-01-27,73.75,28.2,23.8,79.0,0.163,18.4,0.895
2022-01-28,71.70588235294117,27.2,23.7,82.7,4.444,14.8,0.5756
2022-01-29,116.10526315789474,27.8,23.9,80.4,0.0,14.8,0.2562
2022-01-30,126.36842105263158,27.9,24.0,80.0,0.068,13.0,0.2545
2022-01-31,126.35714285714286,28.5,23.7,76.0,0.0,16.6,0.2528
2022-02-01,88.25,28.0,24.3,81.4,0.082,21.8,0.25412903225806455
2022-02-02,100.55555555555556,27.6,24.0,81.7,8.624,22.3,0.25545806451612907
2022-02-03,93.9,28.7,24.2,78.2,1.692,14.8,0.2567870967741936
2022-02-04,65.5,26.7,24.1,86.7,69.661,18.2,0.25811612903225806
2022-02-05,60.095238095238095,26.3,24.2,88.8,43.553,20.5,0.2594451612903226
2022-02-06,24.31578947368421,27.4,24.0,82.5,1.666,23.6,0.2607741935483871
2022-02-07,58.31578947368421,27.6,24.3,83.7,12.338,18.3,0.2621032258064516
2022-02-08,105.05,26.2,24.9,92.7,44.592,11.1,0.26343225806451614
2022-02-09,102.9047619047619,27.4,23.9,82.3,5.609,37.1,0.26476129032258067
2022-02-10,37.38095238095238,26.9,23.2,81.0,0.155,22.3,0.2660903225806452
2022-02-11,62.05,27.3,23.9,82.4,0.224,18.4,0.2674193548387097
2022-02-12,67.78947368421052,27.7,24.6,83.6,0.0,12.9,0.2687483870967742
2022-02-13,96.85714285714286,26.9,24.3,86.2,0.135,16.6,0.2700774193548387
2022-02-14,111.55555555555556,26.3,23.6,86.1,17.056,18.3,0.2714064516129032
2022-02-15,109.3529411764706,27.3,23.7,82.7,4.789,16.3,0.27273548387096774
2022-02-16,110.5,28.0,24.0,80.5,31.224,33.5,0.27406451612903227
2022-02-17,79.71428571428571,27.2,24.0,83.9,0.658,14.7,0.2753935483870968
2022-02-18,80.26190476190476,27.0,24.4,86.1,3.689,17.8,0.2767225806451613
2022-02-19,80.80952380952381,27.0,24.4,86.0,1.35,18.4,0.27805161290322583
2022-02-20,81.35714285714286,27.3,24.7,86.2,1.888,14.8,0.2793806451612903
2022-02-21,81.9047619047619,28.1,23.4,76.8,0.633,18.3,0.2807096774193548
2022-02-22,82.45238095238095,28.6,23.5,75.5,3.122,18.4,0.28203870967741934
2022-02-23,83.0,28.1,23.0,75.3,11.026,29.5,0.28336774193548386
2022-02-24,57.64705882352941,27.8,21.8,72.6,4.164,33.3,0.2846967741935484
2022-02-25,59.72727272727273,26.8,22.7,79.3,3.796,30.9,0.2860258064516129
2022-02-26,56.4,26.4,23.3,83.9,1.777,31.6,0.28735483870967743
2022-02-27,55.92857142857143,27.0,23.7,82.6,3.639,27.7,0.28868387096774195
2022-02-28,40.90476190476191,27.3,23.9,82.4,3.905,20.5,0.2900129032258064
2022-03-01,39.9,25.7,23.8,89.8,15.819,24.1,0.29134193548387094
2022-03-02,39.1578947368421,27.4,24.0,82.7,9.79,26.9,0.29267096774193546
2022-03-03,52.55,28.3,23.6,77.2,0.37,27.7,0.294
2022-03-04,55.523809523809526,28.1,23.8,79.2,3.535,16.6,0.2473
2022-03-05,64.94736842105263,27.1,23.8,82.8,14.338,22.5,0.2006
2022-03-06,70.57142857142857,27.4,23.6,80.8,1.512,27.8,0.21
2022-03-07,52.55555555555556,28.5,22.8,72.7,0.064,24.1,0.2194
2022-03-08,94.1,27.7,24.1,82.4,1.708,20.5,0.2288
2022-03-09,78.89473684210526,27.3,24.5,85.3,0.0,22.2,0.14899999
2022-03-10,107.73684210526316,27.8,24.3,82.2,2.422,24.0,0.22429999499999997
2022-03-11,109.75,27.8,24.6,83.7,9.101,22.4,0.2996
2022-03-12,66.3157894736842,26.9,24.9,89.5,22.535,18.1,0.0274
2022-03-13,59.61904761904762,27.6,24.8,85.8,4.154,14.8,0.0538
2022-03-14,104.0,28.6,24.8,81.6,10.276,16.6,0.0802
2022-03-15,90.6842105263158,26.4,24.7,90.4,5.201,18.4,0.0823
2022-03-16,80.75,28.3,23.9,79.4,0.327,21.6,0.0844
2022-03-17,134.28571428571428,28.4,25.3,84.4,3.073,18.4,0.6398
2022-03-18,115.47619047619048,27.9,24.8,84.3,0.0,25.9,0.3441
2022-03-19,47.10526315789474,28.9,24.2,76.6,0.0,27.8,0.0484
2022-03-20,62.45,29.1,23.1,71.8,0.0,35.2,0.0426
2022-03-21,51.76190476190476,28.7,23.3,73.6,0.0,27.7,0.11446666666666666
2022-03-22,46.52941176470589,28.5,24.1,77.6,1.121,18.4,0.18633333333333332
2022-03-23,58.45,27.5,24.2,82.5,2.375,22.5,0.2582
2022-03-24,57.8,28.6,23.7,76.8,2.856,18.4,0.1762
2022-03-25,14.652173913043478,29.0,24.9,79.9,0.634,18.4,0.17113333333333333
2022-03-26,63.64705882352941,26.2,24.7,91.7,22.019,11.1,0.16606666666666667
2022-03-27,31.823529411764707,27.1,24.5,86.8,14.348,29.5,0.161
2022-03-28,0.0,27.9,24.1,81.7,14.835,14.8,0.2654
2022-03-29,108.0,28.9,24.4,77.9,0.0,14.3,0.782
2022-03-30,102.23809523809524,29.0,23.9,75.3,0.0,14.2,0.56219999
2022-03-31,158.0,27.9,24.2,81.2,0.386,26.6,0.34239998
2022-04-01,119.0,28.2,24.2,79.4,2.296,13.0,0.21169999
2022-04-02,98.2,27.9,24.5,83.3,10.205,18.3,0.081
2022-04-03,71.9375,26.9,24.1,85.5,18.449,29.5,0.3638
2022-04-04,70.4090909090909,28.2,23.7,78.5,0.005,18.4,0.3516
2022-04-05,86.23809523809524,27.4,24.0,83.7,39.825,22.3,0.4048
2022-04-06,89.8695652173913,28.5,23.5,76.1,1.304,29.5,0.0594
2022-04-07,93.8181818181818,28.6,24.1,77.8,0.185,24.1,0.106199995
2022-04-08,80.89473684210526,28.0,23.5,77.4,37.389,29.5,0.3954
2022-04-09,79.95,28.3,23.6,77.2,1.64,14.8,0.1882
2022-04-10,155.35,28.2,24.2,79.7,0.242,18.4,0.40559998
2022-04-11,100.52380952380952,28.4,24.2,79.1,18.045,18.4,0.4964
2022-04-12,104.04761904761904,28.0,24.6,83.0,5.417,24.1,0.9446
2022-04-13,116.0,28.7,24.6,79.4,0.552,14.8,0.3376
2022-04-14,107.23809523809524,28.9,24.1,76.2,0.614,20.5,0.0742
2022-04-15,98.3,29.3,24.6,76.9,3.924,20.5,0.5638
2022-04-16,119.7,29.1,24.1,75.9,1.314,16.6,0.60859996
2022-04-17,145.26315789473685,29.2,25.0,78.8,1.129,20.5,1.0346
2022-04-18,137.73684210526315,29.3,25.3,79.9,17.015,20.5,0.3852
2022-04-19,75.36842105263158,28.3,24.6,81.2,4.592,22.3,0.417
2022-04-20,100.89473684210526,28.3,24.5,80.6,2.546,27.7,0.8588
2022-04-21,23.15,26.7,24.5,87.9,10.083,16.6,0.7503
2022-04-22,122.9,26.2,24.3,89.8,10.115,16.6,0.6418
2022-04-23,111.4,28.2,24.7,82.6,0.751,16.6,0.1136
2022-04-24,113.7,28.5,24.6,80.6,4.804,15.1,0.21029999
2022-04-25,109.85714285714286,28.4,24.5,81.2,18.654,25.9,0.30699998
2022-04-26,89.5,28.4,24.5,80.8,2.252,22.3,0.93759996
2022-04-27,84.47619047619048,28.1,24.5,81.8,9.361,31.7,0.8460332983333333
2022-04-28,69.57142857142857,27.2,24.3,84.6,3.568,22.3,0.7544666366666667
2022-04-29,58.38095238095238,28.6,24.7,80.6,0.0,22.3,0.662899975
2022-04-30,9.9,27.8,25.2,86.3,0.457,16.6,0.5713333133333334
2022-05-01,123.0,27.6,25.2,87.2,2.324,11.2,0.47976665166666665
2022-05-02,92.55,27.5,24.9,86.4,31.263,19.3,0.38819999
2022-05-03,62.888888888888886,27.9,24.9,85.0,4.877,20.5,0.1894
2022-05-04,79.05263157894737,28.3,25.0,83.2,0.398,25.9,1.176
2022-05-05,98.5,28.6,25.1,82.5,0.011,27.7,0.4468
2022-05-06,77.0,29.3,25.4,80.6,0.0,24.1,0.4048
2022-05-07,93.61904761904762,29.1,24.9,79.2,0.187,16.6,0.64199996
2022-05-08,98.44444444444444,29.7,25.1,77.3,0.0,20.5,0.147
2022-05-09,75.05,28.6,25.1,82.2,0.341,22.3,0.34629999999999994
2022-05-10,88.05,29.6,25.4,78.9,0.022,18.4,0.5456
2022-05-11,69.0,28.0,25.4,86.6,18.84,46.4,0.476
2022-05-12,12.6,28.5,25.5,84.4,8.808,20.5,0.4064
2022-05-13,46.63636363636363,28.9,25.3,81.7,7.035,16.6,0.2834
2022-05-14,88.77272727272727,29.0,25.1,80.0,0.159,14.8,0.6716
2022-05-15,125.30434782608695,28.5,25.8,85.6,8.137,18.4,0.655
2022-05-16,104.22727272727272,28.1,24.9,84.0,0.939,13.0,0.556
2022-05-17,117.6,28.8,25.5,83.3,0.767,15.8,0.79039997
2022-05-18,104.35,28.3,25.2,83.9,24.471,18.4,0.0602
2022-05-19,120.25,27.4,25.1,87.9,10.797,18.4,0.33469999999999994
2022-05-20,94.4375,27.2,24.8,87.4,15.127,14.8,0.6092
2022-05-21,87.6875,27.3,24.7,86.2,1.086,20.5,0.49026665999999997
2022-05-22,77.0,27.4,24.8,86.0,0.0,22.3,0.37133331999999997
2022-05-23,81.95238095238095,28.5,24.9,81.9,0.0,27.7,0.25239998
2022-05-24,100.28571428571428,29.5,25.0,77.6,0.0,27.7,0.113199994
2022-05-25,122.89473684210526,27.6,25.0,86.0,4.014,24.1,0.4288
2022-05-26,96.61904761904762,27.0,24.3,85.4,0.637,14.8,0.37749999
2022-05-27,141.0,28.2,23.9,78.6,1.116,16.9,0.32619998
2022-05-28,0.0,25.8,23.7,88.5,21.44,22.3,0.24099999
2022-05-29,45.2,26.8,23.9,84.7,22.014,19.6,0.1558
2022-05-30,84.19047619047619,26.5,24.7,90.2,0.153,33.5,1.0114
2022-05-31,101.63157894736842,27.0,24.4,86.5,4.184,24.1,0.3128
2022-06-01,71.3,28.0,24.2,80.6,3.8,24.1,0.62299997
2022-06-02,98.33333333333331,27.5,24.7,85.6,21.459,20.5,0.2856
2022-06-03,50.42105263157895,27.9,24.3,82.2,2.045,18.4,0.31739998
2022-06-04,132.3684210526316,28.5,24.5,80.1,0.416,16.6,0.2692
2022-06-05,109.45,27.9,24.0,80.3,1.24,16.1,0.48499998
2022-06-06,112.1,26.9,24.0,85.2,6.057,18.4,0.37359999
2022-06-07,83.15789473684211,27.6,24.7,85.0,2.124,29.5,0.2622
2022-06-08,76.4,27.3,24.9,87.2,10.925,16.6,0.20359999
2022-06-09,97.8,26.2,24.5,90.5,7.866,22.3,0.48459998
2022-06-10,82.47368421052632,27.7,24.0,81.6,0.597,18.4,0.3426
2022-06-11,90.95,28.0,25.3,85.8,4.285,25.9,0.7058
2022-06-12,113.05,27.4,24.6,85.1,1.29,16.6,0.75839996
2022-06-13,63.47619047619048,27.3,24.1,83.6,0.229,14.8,1.1286
2022-06-14,108.94736842105264,27.5,24.1,82.5,0.062,25.9,0.3364
2022-06-15,115.96491228070177,26.5,24.6,89.3,6.375,18.4,0.19799999999999998
2022-06-16,122.98245614035088,26.6,24.5,88.7,0.0,20.5,0.0596
2022-06-17,130.0,26.4,24.5,89.7,0.212,20.5,0.19113333333333332
2022-06-18,130.37777777777777,26.6,23.8,85.2,0.053,11.2,0.32266666666666666
2022-06-19,130.75555555555556,27.8,24.2,81.7,0.026,24.1,0.4542
2022-06-20,131.13333333333333,27.9,24.3,81.6,3.954,13.0,0.5446
2022-06-21,120.45454545454544,28.1,24.1,79.9,0.0,25.9,0.4716
2022-06-22,120.26666666666668,27.8,25.0,85.3,13.345,24.1,0.5918
2022-06-23,94.05263157894736,28.2,23.8,78.5,0.037,22.3,0.4434
2022-06-24,123.57894736842104,27.4,24.3,83.6,0.17,22.3,2.7106
2022-06-25,127.57894736842104,27.4,24.0,82.9,6.854,18.4,1.6319
2022-06-26,109.55555555555556,27.1,24.5,86.0,1.31,14.8,0.5532
2022-06-27,99.16666666666669,27.9,24.5,82.8,14.183,14.8,0.2312
2022-06-28,84.47619047619048,28.0,24.5,82.0,0.418,13.9,0.29119998
2022-06-29,0.0,27.9,23.8,79.2,0.0,20.8,0.3874
2022-06-30,32.5,27.8,22.3,73.0,0.0,16.6,0.4506
2022-07-01,112.8,28.3,23.0,74.2,0.0,22.3,0.3994
2022-07-02,137.06666666666666,28.6,24.0,76.6,0.258,18.4,0.5232
2022-07-03,124.14285714285714,28.4,25.5,85.0,18.371,24.1,0.4506
2022-07-04,75.73913043478261,29.2,25.2,80.0,1.315,33.5,0.378
2022-07-05,60.31578947368421,29.3,25.2,79.9,0.231,20.5,0.2488
2022-07-06,132.94444444444446,26.7,24.9,90.1,27.569,13.0,0.5092
2022-07-07,97.89473684210526,28.3,25.1,83.9,0.37,13.0,0.3872
2022-07-08,95.23308270676691,28.8,24.1,77.0,0.0,18.4,0.1648
2022-07-09,92.57142857142856,28.1,22.4,72.5,0.0,17.4,0.19999999
2022-07-10,95.15,28.0,22.1,70.9,0.0,25.9,0.2214
2022-07-11,108.2,28.2,23.1,75.0,0.0,18.4,0.0264
2022-07-12,117.65,28.7,24.8,80.3,0.891,27.7,0.6088
2022-07-13,116.27777777777776,26.7,24.5,88.2,6.224,20.5,0.4034
2022-07-14,125.95238095238096,28.0,24.6,82.6,0.09,25.9,0.198
2022-07-15,91.1904761904762,27.9,24.5,82.6,14.79,25.9,0.3222
2022-07-16,38.07142857142857,25.5,23.0,86.8,37.492,22.3,0.3389333333333333
2022-07-17,0.0,27.3,24.5,85.2,0.0,22.3,0.3556666666666667
2022-07-18,86.5,28.0,24.6,82.7,0.01,14.8,0.3724
2022-07-19,116.38095238095238,28.6,24.9,81.2,0.0,25.9,0.4148
2022-07-20,123.63157894736842,28.8,25.1,81.2,0.0,20.5,0.6662
2022-07-21,112.76190476190476,28.3,24.1,79.2,0.0,16.8,0.6832
2022-07-22,96.15,28.2,24.6,81.3,0.2,29.5,0.782
2022-07-23,49.25,28.5,24.5,79.9,0.29,18.4,1.0486
2022-07-24,89.3157894736842,28.4,24.1,78.4,1.396,18.4,1.198
2022-07-25,85.57142857142857,28.1,24.1,80.0,2.212,18.4,0.5302
2022-07-26,105.7,28.3,23.2,74.9,0.0,24.1,0.7466
2022-07-27,114.85714285714286,28.3,23.0,73.8,0.0,16.6,0.599
2022-07-28,134.0,28.9,23.9,75.6,0.0,27.7,0.44419998
2022-07-29,120.42857142857144,29.0,24.6,77.7,1.784,27.7,0.3136
2022-07-30,72.85,28.3,24.6,81.1,0.0,22.3,0.98219997
2022-07-31,71.27777777777777,28.6,24.5,79.4,0.0,27.7,0.6956
2022-08-01,111.57894736842104,28.7,24.3,78.4,0.0,25.9,0.19119999
2022-08-02,113.77777777777776,28.8,24.3,77.4,0.0,18.4,0.611
2022-08-03,135.85,28.7,24.8,80.5,4.78,20.5,0.5116
2022-08-04,105.4,27.5,24.8,86.0,16.015,19.6,0.4122
2022-08-05,83.19047619047619,27.3,24.8,86.3,10.907,19.0,0.7734
2022-08-06,96.47368421052632,27.8,23.6,79.7,4.38,19.2,0.46879998
2022-08-07,119.25,27.7,23.9,80.7,3.051,16.6,0.37199998
2022-08-08,84.75,28.1,23.4,76.8,0.0,18.4,0.1652
2022-08-09,84.16666666666667,28.5,23.4,75.0,2.593,14.8,0.366
2022-08-10,70.36363636363636,28.7,23.1,73.9,0.032,22.3,0.40379998
2022-08-11,107.8095238095238,29.1,23.8,74.7,0.242,19.5,0.45679998
2022-08-12,97.56521739130434,28.8,23.4,73.4,2.357,18.4,0.71599996
2022-08-13,78.92307692307692,28.2,23.4,76.5,0.318,25.9,0.78099996
2022-08-14,86.10526315789474,28.4,23.4,74.9,2.801,27.7,0.13419999
2022-08-15,86.55555555555556,28.5,23.1,73.8,1.344,18.4,0.26659998
2022-08-16,70.0952380952381,28.1,23.6,77.5,0.597,14.8,0.46579996999999995
2022-08-17,72.92857142857143,28.2,23.7,77.3,4.502,27.7,0.66499996
2022-08-18,89.5,28.9,22.1,68.2,0.0,33.5,0.2724
2022-08-19,101.84210526315788,29.3,22.0,66.4,0.0,31.0,0.262
2022-08-20,107.33333333333331,29.0,23.0,70.9,0.043,31.7,0.99859995
2022-08-21,100.1818181818182,28.4,22.9,73.0,7.664,20.5,0.76699996
2022-08-22,79.84210526315789,27.2,23.5,80.8,0.0,18.3,0.28579998
2022-08-23,90.42105263157896,29.1,23.1,72.3,0.0,18.4,0.259
2022-08-24,117.45,29.0,23.2,72.1,0.464,22.3,0.3266
2022-08-25,101.4,29.0,21.8,66.6,0.054,25.9,0.29839998
2022-08-26,116.77777777777776,28.6,21.9,68.0,0.026,14.4,0.1314
2022-08-27,102.23076923076924,27.9,23.6,77.8,2.433,18.4,0.1574
2022-08-28,47.285714285714285,27.2,23.9,82.4,1.285,20.5,0.6146
2022-08-29,82.2,27.9,23.9,79.5,1.07,16.6,0.2898
2022-08-30,83.6470588235294,28.7,22.8,72.0,0.0,18.2,0.4552
2022-08-31,92.52941176470588,28.6,22.9,72.9,0.199,14.8,0.687
2022-09-01,101.41176470588236,28.8,23.7,75.0,2.447,33.5,0.2562
2022-09-02,110.29411764705884,28.1,23.6,78.2,1.854,18.4,0.0196
2022-09-03,70.0,27.6,23.0,76.9,0.423,29.5,0.4982
2022-09-04,0.0,28.0,23.0,75.2,0.731,29.5,0.398
2022-09-05,86.44444444444444,29.1,23.5,73.6,0.208,22.3,0.667
2022-09-06,88.76470588235294,29.0,23.9,75.7,7.92,27.7,0.588
2022-09-07,81.42105263157895,27.0,24.4,86.6,12.652,24.1,0.26319999
2022-09-08,84.88888888888889,25.8,24.2,90.7,7.4,13.0,0.400599995
2022-09-09,90.52631578947368,26.3,23.5,85.6,41.103,18.4,0.538
2022-09-10,89.11973684210527,26.0,23.8,88.0,7.332,24.1,0.5076
2022-09-11,87.71315789473684,27.4,23.8,81.5,13.279,20.5,0.0958
2022-09-12,86.30657894736842,27.1,23.6,82.0,1.696,13.0,0.3116
2022-09-13,84.9,27.9,23.6,78.1,0.265,16.6,0.6476
2022-09-14,106.76190476190476,28.2,22.3,71.9,0.005,18.3,0.48999998
2022-09-15,118.94117647058825,28.7,22.5,70.8,0.0,13.0,0.21319999
2022-09-16,110.87967914438502,28.0,23.3,76.6,2.518,16.6,0.35079998
2022-09-17,102.8181818181818,28.5,23.9,76.8,0.0,22.3,0.464
2022-09-18,0.0,28.1,24.5,81.4,0.571,12.8,0.5528
2022-09-19,57.2,28.2,23.6,77.4,3.25,18.4,0.3728
2022-09-20,112.25,28.3,22.4,71.9,0.0,14.8,1.2486
2022-09-21,112.95238095238096,28.1,23.8,78.3,5.211,17.6,0.9456
2022-09-22,86.42105263157895,27.5,24.1,82.3,15.142,22.3,0.519
2022-09-23,91.36842105263158,28.0,23.8,79.5,5.361,21.9,0.39490000000000003
2022-09-24,96.47080592105263,28.4,24.1,78.3,0.0,24.1,0.2708
2022-09-25,101.57319078947368,28.5,24.2,78.2,0.0,20.5,0.4098
2022-09-26,106.67557565789474,28.9,22.9,72.4,8.764,18.4,0.2112
2022-09-27,111.77796052631578,28.9,22.9,71.5,0.011,18.4,0.1576
2022-09-28,116.88034539473685,29.0,23.4,73.6,0.026,16.6,0.45679998
2022-09-29,121.98273026315789,29.0,23.1,71.9,0.163,21.9,1.1474
2022-09-30,127.08511513157895,28.4,23.4,75.4,0.0,27.7,0.4664
2022-10-01,132.1875,29.6,24.5,75.2,0.211,20.7,0.413
2022-10-02,73.0909090909091,26.9,24.5,87.1,19.15,10.6,0.4879
2022-10-03,75.21739130434783,28.3,24.2,80.0,3.729,14.8,0.5628
2022-10-04,94.45454545454544,26.7,24.1,86.2,19.29,22.3,0.0714
2022-10-05,70.33333333333333,27.2,24.4,85.5,5.142,16.6,0.14200000000000002
2022-10-06,86.70588235294117,26.9,24.3,86.7,28.968,27.6,0.2126
2022-10-07,83.61274509803921,26.3,23.9,88.1,6.732,25.8,0.6724
2022-10-08,80.51960784313725,27.5,23.1,78.2,0.402,22.3,0.9966999999999999
2022-10-09,77.42647058823529,27.5,24.1,82.3,5.704,29.5,1.321
2022-10-10,74.33333333333333,27.5,23.5,80.2,0.211,14.7,1.6515
2022-10-11,110.38888888888889,27.2,23.7,82.5,14.534,22.3,1.982
2022-10-12,105.15789473684212,27.4,23.4,79.6,1.073,18.4,0.876
2022-10-13,93.63157894736842,27.1,23.6,82.7,24.434,22.3,0.4802
2022-10-14,93.85714285714286,28.0,23.7,78.6,0.74,16.6,0.1312
2022-10-15,78.61904761904762,27.8,24.3,81.8,7.89,18.4,0.3284
2022-10-16,91.42105263157896,28.1,24.9,83.4,5.309,13.0,0.6238
2022-10-17,82.19047619047619,28.7,24.5,79.4,2.399,22.3,0.6868
2022-10-18,79.05263157894737,27.9,24.2,81.5,1.844,18.2,0.83604
2022-10-19,90.9,26.9,24.2,86.1,11.802,32.5,0.9852799999999999
2022-10-20,55.73684210526316,27.1,24.5,86.1,0.352,18.0,1.13452
2022-10-21,68.86842105263158,27.7,24.0,80.9,0.649,21.6,1.28376
2022-10-22,82.0,28.4,24.7,81.0,0.306,13.0,1.433
2022-10-23,72.95454545454545,28.1,24.7,82.7,44.415,22.3,0.3076
2022-10-24,56.0,27.9,23.2,77.4,0.058,27.7,0.516
2022-10-25,45.36842105263158,27.1,24.0,84.5,5.561,22.3,0.5311333333333333
2022-10-26,55.854440789473685,26.7,23.7,84.6,15.725,27.7,0.5462666666666667
2022-10-27,66.3404605263158,27.7,22.8,76.4,0.0,22.3,0.5614
2022-10-28,76.82648026315789,28.6,21.6,68.6,0.0,27.7,0.0314
2022-10-29,87.3125,28.6,23.2,73.4,0.0,16.6,0.032199997
2022-10-30,80.54545454545455,28.3,22.7,73.1,0.0,18.4,0.41779998
2022-10-31,62.52173913043478,28.5,23.5,75.1,0.005,16.6,0.47259997
2022-11-01,70.06666666666666,28.7,23.7,75.9,0.0,14.7,0.52739996
2022-11-02,135.94117647058823,28.4,24.0,78.2,1.498,18.4,1.9258
2022-11-03,93.85,27.7,24.1,81.7,0.85,18.4,1.1539999
2022-11-04,96.33333333333331,28.0,23.7,79.5,19.52,13.0,0.63519996
2022-11-05,81.4,27.0,24.0,84.3,2.083,18.4,0.4102
2022-11-06,84.47307692307693,27.4,24.4,84.1,0.0,18.4,0.70029998
2022-11-07,87.54615384615386,26.7,24.8,89.7,10.331,31.7,0.99039996
2022-11-08,90.61923076923077,26.6,24.1,86.6,6.514,22.2,0.6494
2022-11-09,93.6923076923077,27.5,23.5,80.1,0.0,22.3,0.6628499999999999
2022-11-10,75.75,27.6,24.3,82.3,10.457,22.3,0.6763
2022-11-11,69.11764705882354,27.0,23.4,81.4,1.446,46.4,0.6897500000000001
2022-11-12,60.6875,26.6,24.2,87.2,10.635,25.9,0.7032
2022-11-13,66.28571428571429,26.3,24.1,88.4,10.98,22.3,0.6188
2022-11-14,80.94736842105263,27.6,24.0,81.8,1.175,18.4,0.5344
2022-11-15,78.42105263157895,27.9,24.2,81.1,0.0,25.9,0.8928
2022-11-16,67.11111111111111,28.8,24.0,76.4,0.132,14.8,0.8078
2022-11-17,60.47222222222223,25.9,24.1,90.3,50.184,18.4,0.6361
2022-11-18,53.833333333333336,27.4,23.2,79.5,0.613,27.8,0.4644
2022-11-19,63.60869565217392,28.0,24.0,79.6,0.073,31.7,0.2096
2022-11-20,62.15384615384615,28.3,23.8,77.5,0.0,35.3,0.155
2022-11-21,60.785714285714285,28.7,22.8,72.3,0.02,27.7,0.3048
2022-11-22,65.08695652173913,28.7,23.3,73.6,0.0,37.1,0.34899999000000004
2022-11-23,67.86363636363636,28.4,23.4,75.6,2.638,25.9,0.39319998
2022-11-24,64.29411764705883,27.6,23.7,80.0,3.593,27.6,0.58509999
2022-11-25,73.9047619047619,27.2,23.9,82.7,0.448,16.6,0.777
2022-11-26,124.65,26.9,24.2,85.8,10.979,29.5,1.0466
2022-11-27,114.22222222222224,27.7,24.1,81.5,1.168,20.5,1.0534
2022-11-28,96.36111111111111,27.5,24.6,84.8,13.562,27.7,1.0602
2022-11-29,78.5,28.2,24.3,80.6,5.371,18.4,0.0098
2022-11-30,95.22727272727272,28.1,23.9,78.9,0.727,14.8,0.19870000000000002
2022-12-01,91.8181818181818,27.7,24.3,82.5,0.318,20.5,0.3876
2022-12-02,93.1,27.5,24.1,81.9,2.88,14.8,0.5124
2022-12-03,92.9,27.7,23.7,80.0,1.59,18.4,0.6372
2022-12-04,52.0,28.1,24.0,79.1,0.528,20.5,0.96419996
2022-12-05,111.47368421052632,27.8,23.9,79.9,4.483,20.5,0.87039995
2022-12-06,65.9375,27.3,24.1,83.2,3.204,16.6,1.022
2022-12-07,85.9047619047619,27.5,24.2,82.9,1.791,16.6,0.8802
2022-12-08,84.93333333333334,27.7,23.7,79.8,3.59,24.1,0.7384
2022-12-09,89.8,25.9,23.7,88.0,10.741,31.7,0.59759999
2022-12-10,76.73684210526316,28.0,23.3,76.7,1.168,20.5,0.45679998
2022-12-11,70.80952380952381,27.7,23.6,79.1,0.634,29.5,0.4806
2022-12-12,64.33333333333333,28.0,22.9,75.5,1.609,37.0,0.2722
2022-12-13,66.6842105263158,27.4,23.4,79.3,0.0,33.5,0.3394
2022-12-14,72.15058479532163,28.2,23.8,78.3,0.031,24.1,0.6684
2022-12-15,77.61695906432749,29.3,22.8,69.3,0.345,52.6,0.33179998
2022-12-16,83.08333333333333,27.5,23.7,80.5,6.553,25.9,0.29449999
2022-12-17,98.03125,27.9,24.4,82.7,2.556,18.4,0.2572
2022-12-18,112.97916666666666,27.9,24.6,83.4,2.665,22.3,0.72819996
2022-12-19,127.92708333333333,28.0,24.1,80.6,0.0,9.4,0.4836
2022-12-20,142.875,27.7,24.4,83.1,1.097,18.4,0.7188
2022-12-21,128.78472222222223,27.8,24.7,83.6,0.531,20.3,0.4626
2022-12-22,114.69444444444444,26.5,24.0,87.1,22.199,24.0,0.4788
2022-12-23,100.60416666666667,26.8,24.3,86.7,9.129,20.5,0.495
2022-12-24,86.51388888888889,27.5,24.6,84.8,0.765,20.7,0.5112
2022-12-25,72.42361111111111,26.0,24.3,90.4,14.841,24.1,0.48567692307692306
2022-12-26,58.333333333333336,25.6,24.1,91.9,8.845,22.3,0.46015384615384614
2022-12-27,48.60869565217392,25.5,23.0,86.3,2.541,36.9,0.4346307692307692
2022-12-28,57.54545454545455,25.2,23.3,90.2,23.054,31.7,0.4091076923076923
2022-12-29,39.94117647058823,25.9,23.6,87.8,10.525,22.3,0.3835846153846154
2022-12-30,63.31578947368421,26.0,24.4,91.5,5.165,14.8,0.35806153846153843
2022-12-31,0.0,25.5,23.8,90.2,17.938,25.9,0.33253846153846156
2023-01-01,42.05882352941177,25.6,24.1,91.7,78.077,16.6,0.3070153846153846
2023-01-02,53.10526315789474,26.8,24.2,85.9,0.708,18.2,0.2814923076923077
2023-01-03,46.5,25.8,23.8,88.9,0.298,27.7,0.2559692307692308
2023-01-04,46.31578947368421,25.9,23.8,88.6,6.775,27.0,0.23044615384615386
2023-01-05,60.54545454545455,27.1,23.6,81.8,27.517,22.3,0.20492307692307693
2023-01-06,67.0909090909091,28.7,22.5,70.3,0.505,29.5,0.1794
2023-01-07,63.9,28.6,23.7,75.8,0.079,31.7,0.0382
2023-01-08,60.625,27.2,24.0,83.2,1.991,25.9,1.0482
2023-01-09,67.18181818181819,28.4,23.3,75.2,0.011,22.3,1.0796000000000001
2023-01-10,62.68421052631579,28.9,23.1,71.9,0.0,24.1,1.111
2023-01-11,73.26315789473684,28.6,22.6,71.5,0.211,18.4,1.1424
2023-01-12,115.3,28.7,23.3,74.3,0.0,18.3,0.5298
2023-01-13,109.75,28.1,23.5,76.9,0.195,27.5,0.37639999500000004
2023-01-14,104.2,28.7,23.6,75.0,0.0,22.3,0.22299999
2023-01-15,98.65,28.7,23.2,73.7,0.0,27.7,0.199
2023-01-16,93.1,28.1,23.2,76.0,0.0,27.7,0.57699996
2023-01-17,87.55,26.8,23.6,82.9,0.048,14.8,0.49279997
2023-01-18,82.0,26.9,23.4,82.2,0.696,18.4,0.40859998
2023-01-19,83.0909090909091,27.1,24.2,84.3,3.035,18.4,0.32439998999999997
2023-01-20,64.5625,27.6,23.3,78.6,0.519,21.8,0.2402
2023-01-21,71.45,27.6,23.7,79.7,0.403,22.3,0.1118
2023-01-22,71.41666666666667,27.8,23.8,79.6,0.021,25.9,0.5126
2023-01-23,51.21739130434783,27.9,23.7,78.8,0.207,25.9,0.49192941176470584
2023-01-24,43.8125,28.1,23.7,78.3,0.367,33.0,0.47125882352941173
2023-01-25,49.458333333333336,26.1,22.9,83.1,0.583,35.3,0.4505882352941176
2023-01-26,63.0625,27.6,24.0,81.8,16.243,21.8,0.4299176470588235
2023-01-27,66.80952380952381,27.0,24.4,86.2,1.762,20.5,0.4092470588235294
2023-01-28,68.85714285714286,25.5,24.5,93.9,39.105,13.0,0.38857647058823525
2023-01-29,81.0,27.0,24.5,86.9,8.083,29.5,0.36790588235294114
2023-01-30,63.57142857142857,27.7,23.5,79.0,0.486,14.9,0.34723529411764703
2023-01-31,92.6,27.4,24.1,82.6,0.316,14.8,0.3265647058823529
2023-02-01,88.34285714285714,26.8,24.6,88.0,58.671,14.7,0.3058941176470588
2023-02-02,84.08571428571429,26.7,24.4,87.7,0.579,14.8,0.28522352941176465
2023-02-03,79.82857142857142,26.5,23.5,84.6,7.68,21.6,0.26455294117647055
2023-02-04,75.57142857142857,27.4,24.6,84.9,0.0,16.6,0.24388235294117644
2023-02-05,71.8695652173913,28.4,22.9,73.8,0.606,33.5,0.22321176470588233
2023-02-06,57.89473684210526,28.6,23.2,73.1,0.053,27.7,0.20254117647058822
2023-02-07,60.388888888888886,27.2,23.8,82.3,1.083,18.3,0.18187058823529412
2023-02-08,63.9375,26.9,23.7,83.6,42.579,27.7,0.1612
2023-02-09,58.86363636363637,26.9,22.8,78.4,8.674,27.7,0.19139999
2023-02-10,34.25,27.4,23.2,79.3,0.49,22.3,0.2444
2023-02-11,53.0,26.9,24.8,88.6,30.502,29.5,0.3873
2023-02-12,42.2,25.0,23.4,91.0,26.997,27.7,0.5302
2023-02-13,47.333333333333336,26.9,23.8,83.8,4.178,27.7,0.6730999999999999
2023-02-14,40.9,26.6,23.3,83.0,1.018,31.6,0.816
2023-02-15,47.833333333333336,27.4,23.5,79.9,9.596,30.8,1.2492
2023-02-16,53.142857142857146,26.2,24.1,88.5,23.284,27.7,0.6426
2023-02-17,50.75,26.6,23.6,84.5,3.902,18.4,0.6708666666666666
2023-02-18,72.22222222222223,27.5,24.7,84.9,5.209,24.1,0.6991333333333334
2023-02-19,78.9090909090909,27.6,24.9,85.9,0.789,24.1,0.7274
2023-02-20,60.63636363636363,27.7,23.6,79.4,6.209,27.6,0.0502
2023-02-21,46.16666666666666,26.8,23.8,83.9,19.428,18.4,0.060254545454545456
2023-02-22,42.72727272727273,26.4,24.1,87.8,6.653,18.4,0.0703090909090909
2023-02-23,57.11111111111112,26.7,24.3,87.6,43.715,14.9,0.08036363636363636
2023-02-24,48.57142857142857,25.8,24.6,93.3,77.273,11.2,0.09041818181818181
2023-02-25,56.6,26.5,24.6,89.7,27.338,20.5,0.10047272727272727
2023-02-26,52.13333333333333,26.2,24.5,90.7,48.62,22.3,0.11052727272727272
2023-02-27,50.6,26.7,24.3,87.1,25.113,22.3,0.12058181818181818
2023-02-28,59.42857142857143,26.3,24.0,88.0,25.64,37.0,0.13063636363636363
2023-03-01,51.66666666666666,25.7,24.1,91.7,46.449,18.1,0.1406909090909091
2023-03-02,43.11111111111112,24.8,24.0,95.0,31.983,16.6,0.15074545454545454
2023-03-03,48.44444444444444,26.6,23.9,85.9,26.303,22.3,0.1608
2023-03-04,51.4,26.6,24.1,86.8,3.341,25.9,0.2085
2023-03-05,50.75,26.6,24.5,88.2,5.601,22.3,0.2562
2023-03-06,49.36363636363637,28.0,23.4,77.8,0.0,27.7,0.4872
2023-03-07,57.27272727272727,27.5,23.7,81.2,1.642,24.1,0.4782
2023-03-08,84.77777777777777,26.6,24.4,88.6,18.241,16.6,0.43586666
2023-03-09,88.375,27.2,24.3,85.4,10.103,14.8,0.39353332
2023-03-10,73.0,27.5,24.2,83.4,0.529,14.6,0.35119998
2023-03-11,75.625,27.9,24.6,83.0,2.807,22.3,0.3038
2023-03-12,105.45454545454544,27.7,25.0,85.9,0.846,20.5,0.468799985
2023-03-13,103.2,28.2,24.0,78.8,0.718,18.4,0.63379997
2023-03-14,84.25,27.1,24.2,84.2,10.659,22.3,0.47539997999999994
2023-03-15,62.6,25.6,23.6,89.1,25.416,18.4,0.31699998999999995
2023-03-16,100.3,27.8,23.3,78.3,0.0,18.4,0.1586
2023-03-17,90.77777777777776,27.9,23.7,78.7,0.0,20.5,0.4218
2023-03-18,86.125,28.5,23.1,73.9,0.0,14.8,0.1954
2023-03-19,83.0,28.4,23.9,78.1,0.0,18.3,0.3906
2023-03-20,81.69090909090909,27.5,23.6,80.5,0.487,27.6,0.6626
2023-03-21,80.38181818181818,28.6,23.3,74.8,0.0,24.1,0.1996
2023-03-22,79.07272727272728,28.8,24.5,78.3,0.315,17.9,0.478299985
2023-03-23,77.76363636363637,29.4,24.8,77.5,0.322,18.4,0.75699997
2023-03-24,76.45454545454545,29.1,24.6,78.2,1.319,16.6,1.1624
2023-03-25,75.14545454545454,27.8,24.8,84.9,26.12,18.3,1.5042
2023-03-26,73.83636363636364,27.4,24.2,84.1,3.466,28.9,1.0519999
2023-03-27,72.52727272727273,27.3,24.0,83.5,5.034,18.4,0.8806
2023-03-28,71.21818181818182,27.2,24.8,87.3,0.327,9.4,0.7108
2023-03-29,69.9090909090909,26.7,24.3,87.5,9.679,20.6,0.5409999999999999
2023-03-30,68.60000000000001,26.3,24.6,90.9,5.967,18.3,0.3712
2023-03-31,67.2909090909091,28.2,24.1,80.3,4.173,18.3,1.1051999
2023-04-01,65.98181818181818,27.3,23.6,80.7,1.698,29.4,0.5834
2023-04-02,64.67272727272727,27.4,24.0,82.5,0.0,25.3,0.058
2023-04-03,63.36363636363637,27.9,23.1,76.9,11.493,18.4,0.17819999
2023-04-04,62.05454545454546,28.6,22.8,72.7,0.0,14.7,1.0402
2023-04-05,60.74545454545455,28.6,22.6,72.2,0.0,25.9,0.22659999
2023-04-06,59.43636363636364,29.0,21.5,65.6,0.0,20.5,0.43339998
2023-04-07,58.12727272727273,29.2,22.0,66.9,0.0,14.7,0.59599996
2023-04-08,56.81818181818183,28.4,23.4,76.0,0.005,18.4,0.077199996
2023-04-09,55.509090909090915,28.8,23.9,75.9,0.084,16.6,0.1362
2023-04-10,54.2,27.9,24.0,80.4,3.261,22.3,0.4204
2023-04-11,4.066666666666666,28.3,24.0,78.8,0.532,27.7,0.0828
2023-04-12,53.6,28.9,23.4,73.7,1.681,33.6,0.0748
2023-04-13,58.333333333333336,28.8,23.2,73.1,0.572,23.5,0.116399995
2023-04-14,69.2,28.1,24.1,80.4,41.626,18.4,0.15799999
2023-04-15,88.66666666666667,28.4,24.2,79.8,1.121,22.3,0.4504
2023-04-16,81.91666666666667,28.9,23.8,76.3,11.945,18.4,0.47259998
2023-04-17,71.66666666666667,29.4,24.3,75.6,0.0,16.6,0.3214
2023-04-18,85.44444444444444,29.2,24.8,78.1,12.038,18.4,0.40199998
2023-04-19,86.27272727272727,28.8,24.7,80.5,18.159,18.0,0.34939998
2023-04-20,50.91666666666666,28.4,25.7,86.6,2.291,23.5,0.548699975
2023-04-21,81.61538461538461,28.8,24.5,79.2,1.561,20.5,0.74799997
2023-04-22,82.79578754578755,29.7,24.9,76.7,1.307,22.3,0.3126
2023-04-23,83.97619047619048,29.1,24.7,78.4,3.778,25.9,0.235
2023-04-24,85.1565934065934,28.9,24.7,79.1,9.615,22.3,0.1784
2023-04-25,86.33699633699634,28.5,24.4,79.4,0.125,27.7,0.4696
2023-04-26,87.51739926739927,27.7,24.6,84.5,1.051,27.6,0.3782
2023-04-27,88.6978021978022,29.1,24.5,77.3,0.041,24.1,0.5108
2023-04-28,89.87820512820514,29.1,24.8,78.9,7.274,22.3,0.0488
2023-04-29,91.05860805860806,28.9,24.1,76.8,0.0,14.7,1.1716
2023-04-30,92.23901098901099,29.3,24.7,77.4,0.005,14.8,0.727
2023-05-01,93.41941391941393,27.9,25.3,86.4,2.574,13.0,0.857299985
2023-05-02,94.59981684981686,28.6,25.0,81.6,0.28,14.7,0.98759997
2023-05-03,95.78021978021978,29.4,25.7,81.5,0.332,22.3,0.6448
2023-05-04,96.96062271062272,28.1,25.6,86.8,7.878,18.3,0.5852
2023-05-05,98.14102564102565,28.7,25.6,84.6,18.737,20.4,0.15619999
2023-05-06,99.32142857142858,28.8,25.3,82.6,10.332,22.3,0.4236
2023-05-07,100.5018315018315,27.9,25.0,85.3,25.898,22.3,0.49159998
2023-05-08,101.68223443223444,27.7,24.6,84.5,0.0,18.4,0.81019994
2023-05-09,102.86263736263737,29.4,25.1,79.4,0.041,18.4,1.1287999
2023-05-10,104.0430402930403,30.2,25.7,78.5,0.0,25.9,0.4042
2023-05-11,105.22344322344324,29.1,25.4,80.7,0.0,27.8,0.2332
2023-05-12,106.40384615384616,30.4,24.8,72.9,0.033,35.3,0.0622
2023-05-13,107.5842490842491,28.6,25.7,85.9,13.359,20.4,0.14119999
2023-05-14,108.76465201465203,29.3,22.5,71.0,1.471,20.5,0.41099998
2023-05-15,109.94505494505496,29.1,22.8,70.3,0.0,14.8,0.48819998
2023-05-16,111.1254578754579,29.6,23.6,72.0,0.0,16.6,0.3326
2023-05-17,112.30586080586082,29.3,23.1,71.2,0.0,22.3,0.5936
2023-05-18,113.48626373626375,29.1,23.3,71.8,0.0,13.0,0.6969000000000001
2023-05-19,114.66666666666669,28.4,24.5,80.6,0.065,31.6,0.8002
2023-05-20,121.0909090909091,29.1,24.2,76.1,0.0,18.3,0.6642
2023-05-21,118.36363636363636,28.8,24.7,80.4,3.015,18.4,0.6034
2023-05-22,67.0,28.6,24.4,79.7,1.525,16.6,0.40559998
2023-05-23,64.0,29.0,23.8,76.1,0.154,16.1,0.8224
2023-05-24,169.83333333333334,28.8,24.4,78.7,0.0,14.8,0.57839996
2023-05-25,142.63636363636363,28.9,24.1,77.1,0.0,20.5,0.508
2023-05-26,131.66666666666666,29.4,23.6,72.8,0.0,20.5,0.5298
2023-05-27,141.0909090909091,28.4,24.3,80.1,10.241,16.5,0.73499995
2023-05-28,115.23076923076924,28.6,24.1,78.3,3.843,14.8,1.1746
2023-05-29,124.14285714285714,29.1,24.3,76.8,0.736,18.4,0.98719996
2023-05-30,128.6153846153846,28.8,24.6,79.1,0.43,16.6,0.599
2023-05-31,111.66666666666669,28.9,23.4,74.4,0.0,14.7,0.21
2023-06-01,111.125,28.7,23.4,74.1,0.0,13.0,0.155
2023-06-02,128.73333333333332,29.4,23.6,72.9,0.0,22.3,0.4748
2023-06-03,123.0,29.5,24.1,74.0,0.0,18.4,0.5324
2023-06-04,121.83333333333333,29.3,24.3,75.7,0.0,24.1,0.89239997
2023-06-05,120.66666666666667,28.8,24.5,78.8,2.147,16.6,0.6436
2023-06-06,119.5,27.2,23.9,83.3,4.232,18.3,0.5804
2023-06-07,118.33333333333333,28.8,23.4,74.1,1.062,24.1,0.5172
2023-06-08,117.16666666666667,29.2,24.0,75.7,0.0,27.7,0.2827
2023-06-09,116.0,29.1,23.8,75.1,0.0,27.7,0.0482
2023-06-10,115.33333333333333,29.3,23.8,74.2,0.0,16.5,0.5316
2023-06-11,114.66666666666667,29.4,22.9,71.2,0.0,14.8,0.241
2023-06-12,114.0,29.2,23.7,73.7,0.619,27.0,0.47919998
2023-06-13,135.8,29.5,24.4,76.0,5.623,20.6,0.431
2023-06-14,109.28571428571428,28.7,24.5,79.5,0.067,22.3,0.3568
2023-06-15,113.0,28.9,23.8,76.0,0.547,27.2,0.2258
2023-06-16,108.3,25.8,24.4,91.9,33.899,13.0,0.39285000000000003
2023-06-17,90.3181818181818,27.0,24.1,84.9,0.0,13.0,0.5599000000000001
2023-06-18,106.57142857142856,27.6,24.7,85.0,0.327,18.0,0.72695
2023-06-19,78.15789473684211,26.8,24.4,87.7,20.766,12.9,0.894
2023-06-20,101.0952380952381,28.4,24.0,79.1,0.0,18.4,0.1672
2023-06-21,107.21428571428572,28.9,24.9,79.8,0.327,18.3,0.59679997
2023-06-22,82.23529411764706,28.8,24.3,78.4,2.205,22.3,0.4166
2023-06-23,99.85714285714286,29.1,24.2,76.7,0.584,14.8,0.88479996
2023-06-24,89.85714285714286,29.0,24.8,79.2,1.011,13.0,0.73939997
2023-06-25,87.85714285714286,27.8,24.2,82.0,25.277,22.2,1.0746
2023-06-26,85.85714285714286,28.1,23.8,79.2,0.0,18.3,0.66179997
2023-06-27,112.1904761904762,27.9,23.6,79.3,5.697,13.0,0.4992
2023-06-28,71.80952380952381,28.7,22.8,72.0,0.498,22.2,0.14919999
2023-06-29,0.0,28.6,23.9,77.6,26.248,14.7,0.109799996
2023-06-30,40.47058823529412,28.9,23.8,74.8,0.0,14.8,0.28759998
2023-07-01,97.42857142857144,27.8,24.2,82.3,0.211,13.0,0.80979997
2023-07-02,83.15,28.6,23.9,77.1,0.0,22.3,0.37739998
2023-07-03,89.65,28.6,23.5,75.1,0.0,14.7,0.713
2023-07-04,89.75,27.9,23.5,77.9,0.0,14.8,0.23779999
2023-07-05,117.15789473684212,27.6,24.1,82.5,0.817,24.0,0.21679999
2023-07-06,116.0952380952381,27.3,24.4,84.4,4.581,11.2,0.22279999333333333
2023-07-07,103.94444444444444,26.1,23.9,88.4,5.465,18.3,0.22879999666666667
2023-07-08,97.85714285714286,27.3,23.5,81.4,8.284,25.3,0.2348
2023-07-09,93.25,28.1,23.4,77.4,0.0,27.7,0.4847
2023-07-10,87.05,29.0,23.4,73.1,1.245,27.7,0.7346
2023-07-11,130.45,28.8,23.1,73.1,0.0,22.2,0.3082
2023-07-12,151.65,29.0,23.2,72.8,0.781,14.8,0.42499998
2023-07-13,120.11111111111111,28.7,23.1,73.5,0.043,18.3,0.383
2023-07-14,104.33333333333331,28.6,23.0,72.8,0.082,18.3,0.3236
2023-07-15,90.89473684210526,29.1,22.7,69.6,0.0,14.8,0.37719998
2023-07-16,99.35,28.9,23.2,72.8,0.0,14.5,0.3588
2023-07-17,94.47368421052632,28.9,22.0,67.8,0.0,24.1,0.32819998
2023-07-18,114.33333333333331,28.4,21.3,67.5,0.0,27.7,0.14479999
2023-07-19,135.35,28.6,20.0,62.6,0.0,27.7,0.117599994
2023-07-20,105.25,28.2,18.9,60.1,0.0,18.4,0.0892
2023-07-21,110.45,28.5,21.2,67.2,0.0,22.3,0.639
2023-07-22,105.47619047619048,28.8,22.1,68.8,0.0,22.3,1.0094
2023-07-23,145.4,28.6,22.3,70.5,0.0,18.4,0.4166
2023-07-24,108.57894736842104,27.3,24.1,83.6,2.155,13.0,0.4262
2023-07-25,117.0,27.7,23.6,79.7,0.0,11.2,1.2811999
2023-07-26,122.95454545454544,27.8,22.7,75.0,0.201,11.2,1.23469995
2023-07-27,126.7,28.4,22.7,72.6,0.0,14.7,1.1882
2023-07-28,131.0,28.6,21.2,66.4,0.0,22.3,0.71559995
2023-07-29,115.66666666666669,27.8,21.3,69.5,0.0,27.7,1.1258
2023-07-30,130.11111111111111,28.2,21.5,69.4,0.0,25.9,0.484
2023-07-31,113.75,27.8,20.4,66.1,0.0,32.7,0.3802
2023-08-01,104.4,28.7,21.7,68.1,0.0,46.3,0.0596
2023-08-02,98.6842105263158,28.8,23.4,73.2,5.882,13.0,0.3014
2023-08-03,107.9047619047619,29.5,23.5,71.8,0.531,22.3,0.5432
2023-08-04,107.5,29.2,23.3,72.8,0.0,27.7,0.4094
2023-08-05,108.33333333333331,29.2,21.8,66.4,0.0,23.7,0.5272
2023-08-06,121.33333333333331,28.7,22.6,71.4,0.0,18.3,0.3268
2023-08-07,134.58823529411765,28.6,22.9,73.5,0.2,16.6,0.5962
2023-08-08,109.65,29.1,23.2,73.0,0.0,25.9,0.5446
2023-08-09,102.9,28.8,22.9,72.4,0.0,24.1,0.42279997
2023-08-10,102.44444444444444,28.9,22.6,70.8,0.0,27.7,0.4468
2023-08-11,120.29411764705884,28.6,23.0,73.7,0.1,20.5,1.0813999
2023-08-12,122.42857142857144,28.4,21.2,68.2,0.0,18.4,0.8466
2023-08-13,137.75,28.0,21.5,70.2,0.0,24.1,0.25419998
2023-08-14,114.85,28.3,21.6,69.3,0.0,22.3,0.5256
2023-08-15,121.70588235294116,28.4,22.0,70.1,0.0,20.1,0.421
2023-08-16,139.75,28.9,21.5,66.7,0.0,22.3,0.46859998
2023-08-17,46.8421052631579,28.6,20.7,64.3,0.0,25.8,0.4928
2023-08-18,85.44444444444444,28.6,21.3,66.4,0.0,14.8,0.28939998
2023-08-19,124.66666666666669,28.7,22.3,70.8,0.0,22.3,0.32279998
2023-08-20,112.0625,29.5,22.3,67.3,0.0,23.4,0.41619998
2023-08-21,106.47619047619048,28.8,21.7,67.5,0.0,24.1,0.468
2023-08-22,122.42105263157896,28.4,21.7,69.6,0.0,25.5,0.56659997
2023-08-23,110.61904761904762,28.9,21.8,67.1,0.0,27.7,0.51919997
2023-08-24,110.55,29.1,22.5,69.6,0.0,31.6,0.47579998
2023-08-25,111.65,29.0,22.8,71.3,0.053,23.4,0.5852
2023-08-26,99.42105263157896,29.5,23.5,71.7,0.0,14.8,0.8154
2023-08-27,124.65,28.5,23.3,75.4,6.481,22.3,0.91719997
2023-08-28,112.42105263157896,28.1,22.0,71.3,0.199,20.5,0.657699975
2023-08-29,108.21052631578948,28.5,21.8,69.2,0.0,27.7,0.39819998
2023-08-30,111.0,28.5,21.7,69.7,0.0,27.7,0.501
2023-08-31,109.0909090909091,28.5,22.0,70.8,0.0,18.3,0.3434
2023-09-01,117.0625,28.1,21.9,70.8,0.0,24.1,0.685
2023-09-02,112.47826086956522,28.6,22.0,69.2,0.0,11.3,0.4314
2023-09-03,91.3,28.8,20.8,64.4,0.0,22.3,0.588
2023-09-04,90.64285714285714,28.1,18.5,58.3,0.0,25.3,0.329
2023-09-05,128.47826086956522,28.2,18.8,59.8,0.0,27.7,0.2654
2023-09-06,106.89473684210526,29.0,19.8,59.8,0.0,22.3,0.4816
2023-09-07,119.35714285714286,29.1,21.6,65.1,0.0,18.3,0.324
2023-09-08,116.14285714285714,29.4,22.2,66.8,0.0,25.9,0.4748
2023-09-09,110.95238095238096,29.1,22.3,68.4,0.0,22.3,0.3392
2023-09-10,100.66666666666669,28.6,21.0,64.5,0.0,27.0,0.5356
2023-09-11,128.88888888888889,29.3,20.3,60.9,0.0,40.5,0.3076
2023-09-12,138.0952380952381,29.5,20.6,61.7,0.0,33.5,0.049
2023-09-13,120.3157894736842,29.4,21.1,62.5,0.0,21.7,0.13679999
2023-09-14,95.8,29.0,19.9,60.5,0.0,25.5,0.2586
2023-09-15,105.47368421052632,29.3,20.8,62.6,0.0,27.7,0.3008
2023-09-16,113.15789473684212,29.3,21.3,63.9,0.0,27.8,0.1698
2023-09-17,108.9375,29.5,21.6,64.3,0.0,23.7,0.2978
2023-09-18,88.8,29.6,22.3,66.4,0.026,20.5,0.4086
2023-09-19,105.25,29.1,22.8,69.7,0.6,18.4,0.4782
2023-09-20,99.38095238095238,29.4,21.9,65.9,0.2,24.1,0.44979998
2023-09-21,101.35714285714286,29.7,22.3,65.4,0.758,22.0,0.87299997
2023-09-22,96.75,29.5,21.2,63.2,0.0,27.7,0.0686
2023-09-23,104.44444444444444,28.9,20.5,61.8,0.0,22.3,0.5632
2023-09-24,97.52631578947368,29.2,20.9,62.5,0.0,22.3,0.39679998
2023-09-25,113.63157894736842,29.9,19.8,58.4,0.0,33.3,0.2898
2023-09-26,218.57894736842104,30.1,19.1,54.9,0.0,25.9,0.3408
2023-09-27,216.1578947368421,29.6,18.5,55.3,0.0,33.5,0.20199999
2023-09-28,223.94117647058823,29.7,19.3,57.3,0.0,40.6,0.095
2023-09-29,168.38888888888889,29.9,19.0,57.3,0.0,42.4,0.14299999
2023-09-30,136.1,29.5,22.0,66.4,0.0,22.3,0.4946
2023-10-01,185.72222222222223,29.4,22.1,67.0,0.0,24.1,1.1087999
2023-10-02,140.0,29.5,21.2,64.3,0.0,20.5,1.1106
2023-10-03,99.26315789473684,29.6,21.2,62.1,0.0,27.6,0.2908
2023-10-04,111.85,29.8,22.2,65.6,0.0,25.9,0.5036
2023-10-05,120.66666666666669,30.0,22.6,67.0,0.0,31.6,0.54359996
2023-10-06,112.5,29.7,23.1,69.6,0.0,22.3,0.694
2023-10-07,140.3,30.0,22.7,66.7,0.0,27.6,0.73859996
2023-10-08,129.44444444444446,30.2,22.2,64.7,0.0,29.5,0.67219996
2023-10-09,128.5,30.3,22.3,65.7,0.0,37.0,0.594
2023-10-10,120.15,30.9,22.9,64.4,0.0,27.7,0.58919996
2023-10-11,107.9,30.5,23.3,66.7,0.026,24.1,1.0904
2023-10-12,119.625,30.8,23.1,66.0,0.0,27.7,0.5394
2023-10-13,123.15,30.7,23.1,66.0,0.1,25.9,0.866
2023-10-14,112.0,30.5,22.2,62.9,0.0,27.7,0.941
2023-10-15,120.61111111111111,30.8,21.3,60.0,0.0,37.1,0.83919996
2023-10-16,119.125,30.8,22.3,63.4,0.0,27.3,0.39159998
2023-10-17,124.0625,31.1,20.4,57.4,0.0,37.1,0.3358
2023-10-18,129.0,30.7,20.9,58.9,0.0,28.6,0.5112
2023-10-19,117.78947368421052,30.3,22.3,64.0,0.0,27.8,0.32999998
2023-10-20,105.33333333333331,30.1,22.6,65.6,0.0,25.9,0.3778
2023-10-21,107.66666666666669,30.6,22.5,64.5,0.0,27.7,0.4084
2023-10-22,111.61111111111111,31.0,22.1,61.4,0.0,18.3,1.066
2023-10-23,128.95,30.2,21.3,61.1,0.0,21.7,0.61359996
2023-10-24,113.47619047619048,29.6,21.8,64.5,0.0,22.3,1.5402
2023-10-25,101.9,28.8,23.0,72.5,3.074,24.0,1.5134
2023-10-26,116.10526315789474,29.9,23.0,68.3,0.0,18.4,0.5098
2023-10-27,114.22222222222224,29.8,23.2,69.2,0.0,27.1,0.65419996
2023-10-28,119.45,30.6,20.8,61.6,0.0,33.4,0.258
2023-10-29,137.3684210526316,30.2,21.7,63.7,0.0,32.6,0.3626
2023-10-30,123.70588235294116,30.4,22.3,64.5,0.0,24.1,0.4524
2023-10-31,105.42857142857144,30.3,23.3,67.8,5.242,22.3,0.9032
2023-11-01,105.42105263157896,29.6,23.4,70.5,1.225,24.1,0.8696
2023-11-02,107.23529411764706,29.4,23.5,72.4,0.0,22.0,0.5664
2023-11-03,109.1904761904762,29.8,23.3,70.4,0.36,18.3,0.4682
2023-11-04,118.76190476190476,28.9,24.0,76.6,6.609,27.6,0.49899998
2023-11-05,83.35,27.4,24.2,83.6,17.325,22.2,0.47239998
2023-11-06,65.85714285714286,29.6,24.0,73.8,0.327,22.2,0.22659999
2023-11-07,105.45,29.9,24.0,72.7,0.0,18.4,0.276
2023-11-08,93.52380952380952,30.2,24.2,71.6,0.0,16.6,0.5344
2023-11-09,103.75,29.8,23.9,71.7,0.0,18.4,0.9036
2023-11-10,111.0,29.0,24.2,77.4,2.029,18.4,1.007
2023-11-11,93.10526315789474,28.7,24.3,78.8,3.772,21.9,1.5453999
2023-11-12,93.0952380952381,29.1,23.5,73.8,1.613,18.3,0.24479999
2023-11-13,21.571428571428573,30.1,23.4,69.3,0.0,22.3,0.1604
2023-11-14,103.75,29.4,24.4,76.5,18.378,22.3,0.23259999
2023-11-15,87.23076923076923,28.8,24.5,79.5,18.442,18.4,0.20309999
2023-11-16,94.4,29.6,23.7,72.7,13.755,14.8,0.17359999
2023-11-17,85.72222222222223,29.3,24.2,75.4,0.25,18.1,0.516399995
2023-11-18,24.444444444444443,28.7,24.2,78.8,0.105,14.8,0.8592
2023-11-19,3.388888888888889,29.6,24.3,74.8,2.733,18.4,0.2514
2023-11-20,0.0,29.7,24.2,74.0,1.297,13.0,0.198
2023-11-21,87.55,29.9,24.5,74.4,3.1,18.3,0.195
2023-11-22,77.89473684210526,29.7,24.5,75.3,17.145,14.7,0.7912
2023-11-23,72.25,28.5,24.5,80.0,0.0,22.2,0.806199975
2023-11-24,81.42857142857143,28.4,25.1,83.0,15.751,18.4,0.82119995
2023-11-25,51.526315789473685,26.0,24.2,89.8,30.635,24.0,0.991099975
2023-11-26,12.523809523809524,28.1,23.7,78.5,7.192,18.4,1.161
2023-11-27,40.0,27.4,23.9,82.0,1.96,21.7,1.0282
2023-11-28,38.47368421052632,28.8,23.6,75.1,2.063,19.9,0.8954
2023-11-29,84.95454545454545,29.4,24.2,75.4,5.274,21.8,0.7586
2023-11-30,78.08333333333333,27.8,24.5,83.5,18.671,27.0,0.25239998
2023-12-01,73.0,26.4,24.5,89.3,2.501,22.3,0.20229999
2023-12-02,85.69565217391305,28.6,24.0,78.1,0.455,22.3,0.1522
2023-12-03,71.77777777777777,27.8,24.2,81.9,2.936,20.4,0.1156
2023-12-04,68.1,26.2,24.4,89.9,6.457,11.2,0.33479998
2023-12-05,86.57894736842105,28.7,23.4,74.9,0.0,14.7,0.55399996
2023-12-06,92.04761904761904,28.2,24.0,79.5,0.0,27.7,0.9202
2023-12-07,89.3,28.6,24.6,79.7,0.026,12.9,0.5
2023-12-08,89.21052631578948,28.3,24.7,82.4,1.279,18.2,0.55039996
2023-12-09,57.80952380952381,28.4,23.9,78.2,0.0,20.5,0.5159999733333334
2023-12-10,89.15,28.3,24.1,79.0,0.0,14.7,0.48159998666666665
2023-12-11,96.9,29.3,24.3,75.9,0.0,18.4,0.4472
2023-12-12,91.21052631578948,29.4,24.4,75.9,0.0,22.1,0.2838
2023-12-13,102.35,29.4,23.8,72.9,0.0,18.4,0.5872
2023-12-14,102.84210526315788,29.9,23.8,71.6,0.0,20.5,0.5078
2023-12-15,97.71428571428572,30.2,22.5,65.5,0.0,18.4,0.7762
2023-12-16,93.44444444444444,30.0,22.4,65.6,0.0,18.4,0.52779996
2023-12-17,89.05,29.9,22.7,67.2,0.0,22.3,0.31399998
2023-12-18,94.66666666666669,30.4,23.2,67.6,0.0,22.3,0.6204
2023-12-19,86.84210526315789,30.5,21.4,60.5,0.0,27.6,0.532
2023-12-20,76.33333333333333,30.2,19.1,54.6,0.0,20.6,0.1698
2023-12-21,84.88888888888889,29.5,20.0,59.8,0.0,18.4,0.078999996
2023-12-22,94.5,29.3,21.3,64.2,0.0,18.3,0.835
2023-12-23,125.63157894736842,30.5,22.5,64.1,0.0,16.3,0.91599995
2023-12-24,115.52631578947368,30.3,23.7,68.4,0.106,14.8,1.546
2023-12-25,95.73684210526316,28.2,24.2,79.7,21.358,22.2,1.1866
2023-12-26,94.18984962406014,27.8,24.2,81.8,0.0,14.7,0.8272
2023-12-27,92.64285714285714,28.1,24.6,82.8,4.982,14.8,0.40199998
2023-12-28,56.66666666666666,28.8,24.9,80.7,0.0,18.3,0.96419996
2023-12-29,92.84210526315788,28.5,25.1,82.9,0.981,27.5,1.2148
2023-12-30,93.9,27.8,25.3,86.6,4.265,22.0,0.7542000000000001
2023-12-31,89.93333333333334,28.1,24.6,82.6,1.356,27.7,0.2936
2024-01-01,108.375,28.7,24.8,80.6,1.566,22.2,0.1418
2024-01-02,82.66666666666667,29.0,25.4,82.1,0.0,22.3,0.5457
2024-01-03,71.3529411764706,27.6,25.2,87.1,10.809,16.6,0.9496
2024-01-04,68.66666666666667,27.1,24.7,87.6,23.886,22.3,0.9274666666666667
2024-01-05,74.83333333333334,27.3,24.4,85.9,11.579,23.6,0.9053333333333333
2024-01-06,81.0,27.3,24.6,86.3,1.1,22.3,0.8832
2024-01-07,84.3,26.6,24.6,90.0,0.046,22.3,0.47739998
2024-01-08,75.66666666666667,27.7,23.9,80.7,0.0,18.3,0.9618
2024-01-09,78.88888888888889,28.1,23.8,79.3,0.0,27.6,0.24
2024-01-10,81.89473684210526,28.0,24.5,82.3,6.135,22.3,0.4034
2024-01-11,81.16666666666667,27.4,24.9,87.3,27.877,22.4,1.4942
2024-01-12,55.35714285714285,27.2,24.4,85.2,1.011,20.6,1.5826
2024-01-13,62.63809523809523,27.7,23.9,80.9,10.953,20.5,1.2277999849999999
2024-01-14,69.91904761904762,28.3,24.5,80.6,0.065,15.7,0.87299997
2024-01-15,77.2,29.0,24.7,78.8,0.0,14.8,1.0294
2024-01-16,61.0,29.5,23.4,71.7,0.0,27.7,0.5494
2024-01-17,57.888888888888886,26.8,24.9,89.7,5.079,18.4,1.541
2024-01-18,45.644444444444446,27.6,23.8,80.5,5.102,22.3,1.3872
2024-01-19,33.4,25.5,23.8,90.5,17.502,24.1,0.764199995
2024-01-20,41.94444444444444,28.9,22.4,70.9,1.201,35.3,0.14119999
2024-01-21,46.1578947368421,27.7,24.1,81.4,6.193,27.8,0.7514
2024-01-22,50.89473684210526,29.2,23.0,71.3,0.106,33.1,0.82339996
2024-01-23,57.53846153846154,29.0,23.8,74.6,0.159,27.1,0.42709998000000005
2024-01-24,60.53333333333333,28.9,23.2,72.2,0.0,29.4,0.0308
2024-01-25,60.7,29.5,23.8,72.9,0.0,27.6,0.38079998
2024-01-26,73.73684210526316,28.9,24.5,77.9,0.317,24.1,0.3608
2024-01-27,51.80952380952381,26.1,24.6,91.8,29.564,13.0,0.55
2024-01-28,57.41176470588236,26.6,24.7,89.6,23.139,14.7,0.7392
2024-01-29,63.0,26.4,24.8,91.1,18.03,11.2,0.9283999999999999
2024-01-30,82.0,27.2,24.7,86.9,33.881,18.3,1.1176
2024-01-31,58.23529411764706,27.1,24.4,86.1,62.631,14.8,1.3068
2024-02-01,84.17647058823529,27.2,24.4,85.6,5.875,14.8,0.50479996
2024-02-02,62.0,27.6,24.5,84.8,33.734,33.4,0.18239999
2024-02-03,55.7,27.3,24.3,84.5,0.016,27.7,1.1236
2024-02-04,47.11764705882353,27.6,24.0,81.6,9.946,27.2,1.4305999
2024-02-05,70.52380952380952,27.1,24.6,87.1,1.643,37.0,1.2417999333333334
2024-02-06,78.3157894736842,26.3,24.4,89.6,9.699,27.6,1.0529999666666667
2024-02-07,59.578947368421055,27.3,23.6,81.7,0.0,27.1,0.8642
2024-02-08,88.5,28.5,23.9,78.0,0.0,18.4,0.2826
2024-02-09,82.61111111111111,28.5,24.8,81.0,0.0,18.3,0.626
2024-02-10,76.26315789473684,27.8,25.1,86.1,15.267,27.7,0.391899995
2024-02-11,85.85,28.2,24.4,80.7,0.0,18.4,0.15779999
2024-02-12,81.6875,28.7,24.9,81.2,6.184,13.1,0.25599998
2024-02-13,65.9,28.7,24.8,80.7,8.862,13.0,0.6976
2024-02-14,62.66666666666666,27.6,25.4,88.5,130.487,11.2,0.7335
2024-02-15,73.8125,28.4,25.6,85.7,5.818,13.0,0.7694
2024-02-16,102.23809523809524,27.8,25.4,86.9,0.0,14.8,1.4828
2024-02-17,78.05882352941177,27.9,25.1,85.5,15.417,22.2,0.5748
2024-02-18,69.84210526315789,28.1,24.7,82.4,0.076,18.4,0.3394
2024-02-19,86.44444444444444,28.9,24.9,79.8,2.416,18.6,0.45999998
2024-02-20,84.42433862433862,29.4,25.4,79.8,0.0,18.6,0.58059996
2024-02-21,82.4042328042328,28.9,25.1,80.9,0.292,13.0,0.45739998000000004
2024-02-22,80.38412698412698,29.4,24.8,77.8,1.682,20.5,0.3342
2024-02-23,78.36402116402117,29.6,23.9,72.9,0.0,18.4,0.31972
2024-02-24,76.34391534391534,29.2,25.0,79.0,0.205,18.3,0.30524
2024-02-25,74.32380952380953,27.8,24.7,84.0,10.313,18.4,0.29076
2024-02-26,72.3037037037037,28.3,24.1,79.1,14.647,14.7,0.27627999999999997
2024-02-27,70.28359788359788,29.3,24.2,74.9,0.0,18.3,0.2618
2024-02-28,68.26349206349207,27.1,25.0,89.0,45.323,16.6,0.4175333333333333
2024-02-29,66.24338624338625,26.0,24.7,92.3,72.989,14.7,0.5732666666666666
2024-03-01,64.22328042328043,28.3,24.5,81.1,0.281,14.7,0.729
2024-03-02,62.2031746031746,27.6,25.2,87.2,11.721,14.8,0.4872
2024-03-03,60.18306878306879,27.1,24.6,86.7,3.94,14.8,1.324
2024-03-04,58.162962962962965,27.6,24.4,83.8,0.795,27.7,0.2882
2024-03-05,56.142857142857146,29.1,24.3,76.3,0.0,27.7,0.2856
2024-03-06,57.45454545454545,28.4,24.7,81.3,1.714,33.4,0.45999998
2024-03-07,48.642857142857146,29.0,24.6,77.9,0.253,27.7,0.4446
2024-03-08,38.47368421052632,28.0,24.7,82.7,0.0,37.0,1.9404
2024-03-09,33.55555555555556,25.7,24.2,91.6,43.912,22.3,1.54015
2024-03-10,90.5625,26.7,25.3,92.0,1.268,11.3,1.1399
2024-03-11,80.0,27.3,25.1,88.1,17.309,11.0,0.7396499999999999
2024-03-12,53.57142857142857,28.2,24.2,79.9,0.231,18.0,0.3394
2024-03-13,63.23809523809524,27.6,24.7,84.9,20.382,18.4,0.317725
2024-03-14,65.27777777777777,26.9,25.0,89.5,9.296,18.4,0.29605
2024-03-15,46.7,26.3,23.9,87.1,27.001,33.5,0.274375
2024-03-16,30.6,25.9,23.9,89.0,22.976,21.6,0.2527
2024-03-17,31.4,26.7,24.1,86.3,22.293,27.7,0.23102499999999998
2024-03-18,45.94736842105263,28.2,23.8,77.7,0.673,20.5,0.20935
2024-03-19,64.66666666666667,29.1,22.8,70.6,0.0,27.7,0.187675
2024-03-20,60.57142857142857,29.4,21.6,64.8,0.0,27.5,0.166
2024-03-21,64.75,28.3,23.3,75.0,0.0,25.6,0.0872
2024-03-22,20.36842105263158,26.9,24.5,87.2,74.429,25.9,0.1735
2024-03-23,101.0,29.2,24.1,75.8,0.0,18.4,0.2598
2024-03-24,77.2,29.6,25.1,78.0,0.163,18.4,0.3128
2024-03-25,70.85,28.4,24.3,79.6,0.329,16.6,0.32120000000000004
2024-03-26,91.3157894736842,29.0,24.1,76.7,0.408,23.6,0.3296
2024-03-27,94.84210526315788,28.1,24.6,82.1,0.644,16.6,0.5008
2024-03-28,121.55,28.2,24.2,80.9,3.3,20.5,0.3076
2024-03-29,98.65,28.5,24.0,77.9,2.8,16.6,0.2768
2024-03-30,85.52941176470588,28.2,24.5,81.0,7.5,27.6,0.27199998
2024-03-31,83.94736842105263,28.4,25.1,83.4,6.5,22.2,0.6116
2024-04-01,108.57894736842104,28.1,24.7,82.4,8.1,18.4,0.6522
2024-04-02,112.35,28.5,24.7,80.6,0.892,16.6,0.9722
2024-04-03,99.61904761904762,28.1,25.2,86.0,6.835,27.0,1.4161999
2024-04-04,73.375,28.2,24.9,83.3,1.236,22.2,0.7468
2024-04-05,111.6842105263158,28.4,24.9,81.7,2.3,18.3,0.598
2024-04-06,93.22222222222224,28.5,24.9,82.5,0.758,18.3,0.417499995
2024-04-07,84.55555555555556,29.1,24.7,78.7,0.0,18.3,0.23699999
2024-04-08,78.56666666666666,29.2,24.4,76.6,0.0,13.0,1.3623999
2024-04-09,72.57777777777778,27.8,24.2,82.0,2.537,20.1,1.07999995
2024-04-10,66.58888888888889,28.3,24.4,81.3,0.433,22.3,0.7976
2024-04-11,60.6,29.1,24.5,77.5,0.0,18.3,0.5394
2024-04-12,53.095238095238095,26.5,25.1,92.8,45.887,24.0,1.4936
2024-04-13,59.80952380952381,29.2,24.7,78.2,0.926,22.3,0.6824
2024-04-14,60.294117647058826,28.0,24.9,83.8,4.213,27.6,0.681
2024-04-15,54.875,29.2,24.7,78.0,0.642,20.0,0.5114
2024-04-16,58.760989010989015,30.4,24.8,73.2,0.245,27.7,0.5816
2024-04-17,62.64697802197802,28.8,24.6,79.4,21.438,36.9,0.26139998
2024-04-18,66.53296703296704,28.8,24.4,79.1,5.698,27.6,0.124199994
2024-04-19,70.41895604395604,29.0,24.4,77.6,0.0,22.3,0.74079996
2024-04-20,74.30494505494505,29.3,24.7,77.6,1.451,22.3,0.703
2024-04-21,78.19093406593407,28.2,25.1,83.4,5.126,22.2,0.3928
2024-04-22,82.07692307692308,29.8,24.6,74.8,0.408,21.6,0.0826
2024-04-23,83.10526315789474,28.5,25.3,83.0,1.127,18.4,1.5527999
2024-04-24,74.95,28.6,25.0,82.0,11.11,18.3,1.8074
2024-04-25,71.93333333333334,28.7,25.3,82.6,13.66,18.3,0.84819996
2024-04-26,68.91666666666667,28.4,25.0,83.0,9.325,21.7,0.1838
2024-04-27,66.77777777777777,28.1,25.2,85.3,6.921,27.7,0.8346
2024-04-28,44.44444444444444,29.5,25.4,79.8,2.604,18.3,0.4222
2024-04-29,79.6,30.9,25.0,72.5,0.0,22.3,0.22819999
2024-04-30,87.73684210526316,30.4,25.1,74.7,0.986,27.6,0.5344
2024-05-01,23.157894736842103,29.5,25.1,77.7,1.121,14.8,0.5953999833333333
2024-05-02,75.55,30.4,25.3,75.7,0.163,27.6,0.6563999666666667
2024-05-03,91.3,28.8,25.3,82.7,0.163,29.4,0.71739995
2024-05-04,93.27142857142857,29.1,24.1,76.0,0.817,23.4,0.528
2024-05-05,95.24285714285715,29.7,24.2,73.1,0.0,18.3,0.69339997
2024-05-06,97.21428571428572,29.5,23.9,72.5,0.49,27.6,0.8858
2024-05-07,105.15789473684212,30.1,23.4,69.2,0.0,18.4,0.326
2024-05-08,101.6842105263158,29.6,24.1,73.7,0.0,18.3,0.82919997
2024-05-09,109.85714285714286,29.8,23.7,70.9,0.0,27.6,0.7432
2024-05-10,97.35,30.1,24.9,74.7,0.106,31.7,0.8488
2024-05-11,93.15,30.1,25.2,75.4,1.313,27.7,0.64599997
2024-05-12,87.4375,30.4,24.0,70.9,0.0,18.5,0.6258
2024-05-13,83.42105263157895,30.3,24.7,73.1,1.634,25.4,0.3946
2024-05-14,66.17647058823529,28.6,24.9,80.6,15.134,14.7,0.311899995
2024-05-15,99.11764705882354,29.7,24.1,73.7,1.092,27.7,0.22919999
2024-05-16,107.3,29.7,24.4,74.0,0.0,27.7,0.932
2024-05-17,100.88888888888889,29.5,23.7,72.8,1.823,18.4,0.91239995
2024-05-18,103.23809523809524,29.5,23.7,73.0,0.0,23.6,0.5976
2024-05-19,93.26315789473684,30.0,23.9,71.4,0.163,22.3,0.3538
2024-05-20,107.38095238095238,29.9,23.8,70.6,0.0,22.3,0.524
2024-05-21,108.15789473684212,30.0,24.0,71.5,0.0,18.4,1.2706
2024-05-22,105.66666666666669,29.9,24.2,72.6,0.0,20.5,1.2833999
2024-05-23,97.5,28.4,24.8,81.5,0.134,9.6,1.6968
2024-05-24,96.6,28.9,24.5,78.3,5.661,27.6,0.648
2024-05-25,59.833333333333336,26.9,24.6,87.8,10.617,18.4,0.5616
2024-05-26,72.5,29.2,24.6,77.3,0.0,18.3,0.4752
2024-05-27,75.78947368421052,30.0,24.4,73.6,0.0,27.7,0.2834
2024-05-28,82.23076923076923,30.1,24.7,74.2,0.305,20.5,0.50339997
2024-05-29,47.6,30.2,24.7,73.6,0.0,22.3,0.61759996
2024-05-30,52.96333333333334,30.4,24.6,72.5,0.0,13.0,0.886
2024-05-31,58.32666666666667,30.1,24.4,73.1,0.0,22.3,0.83339995
2024-06-01,63.690000000000005,29.1,24.5,77.3,0.0,18.0,0.8680999625
2024-06-02,69.05333333333334,29.5,24.3,75.0,0.0,26.8,0.902799975
2024-06-03,74.41666666666667,28.3,25.0,82.7,9.793,13.0,0.9374999875
2024-06-04,102.75,29.2,24.3,76.4,4.33,14.8,0.9722
2024-06-05,92.41176470588236,29.9,24.2,72.9,0.0,12.8,0.26639998
2024-06-06,85.95,29.7,22.8,67.9,0.0,18.4,0.3992
2024-06-07,95.72222222222224,29.9,23.9,72.4,1.891,18.3,0.23519999
2024-06-08,95.63157894736842,29.8,23.8,71.8,0.0,16.6,0.2692
2024-06-09,92.5,28.6,24.5,80.0,1.307,17.9,0.5252
2024-06-10,99.05882352941175,29.7,24.4,74.4,0.408,18.4,0.24839999
2024-06-11,87.9375,27.7,24.7,84.6,14.005,27.6,0.0568
2024-06-12,72.0,28.2,24.4,81.0,0.016,16.3,0.228
2024-06-13,75.0,28.2,24.2,79.7,0.0,14.8,0.7474
2024-06-14,75.44444444444444,28.6,24.7,80.2,0.0,17.1,0.14479999
2024-06-15,75.52631578947368,28.4,24.6,80.9,0.0,14.7,0.0256
2024-06-16,64.05263157894737,27.6,24.3,83.0,69.325,14.8,0.21109999000000002
2024-06-17,74.15,29.5,24.1,74.7,0.163,14.8,0.39659998
2024-06-18,109.83333333333331,28.0,24.4,81.5,1.471,22.0,0.6162
2024-06-19,97.55555555555556,28.9,23.7,74.9,0.0,24.1,0.2008
2024-06-20,91.33333333333331,29.0,21.9,67.6,0.0,27.7,0.1396
2024-06-21,99.38888888888889,29.1,22.6,69.6,0.0,14.8,0.1704
2024-06-22,100.76190476190476,29.0,23.0,71.1,0.0,20.5,0.7884
2024-06-23,94.7,28.9,21.0,64.9,0.0,27.7,0.1004
2024-06-24,90.52941176470588,29.3,22.8,69.0,0.0,24.1,0.36339998
2024-06-25,85.5,27.3,23.8,82.4,16.894,11.9,0.81939995
2024-06-26,49.19047619047619,28.8,23.5,74.8,0.0,22.3,0.0466
2024-06-27,89.3125,28.4,24.4,79.7,1.951,14.8,0.16579999
2024-06-28,72.61111111111111,27.7,24.7,84.5,0.824,24.1,0.4416
2024-06-29,74.72222222222223,26.9,24.6,87.7,9.244,18.3,0.206
2024-06-30,60.333333333333336,28.1,23.2,76.2,0.0,14.8,0.145
2024-07-01,89.3157894736842,28.1,24.4,81.3,0.0,18.3,0.25329999
2024-07-02,76.76190476190476,27.2,24.2,84.3,0.595,22.3,0.36159998
2024-07-03,101.14285714285714,27.6,23.7,80.8,3.339,18.5,0.21679999
2024-07-04,73.72222222222223,26.7,23.8,85.1,18.755,18.3,0.1858
2024-07-05,59.0,26.7,23.8,85.3,4.897,25.9,0.27719998
2024-07-06,31.2,24.7,23.4,92.7,55.023,22.3,0.5714
2024-07-07,40.333333333333336,26.9,23.2,81.5,4.769,14.3,0.5723
2024-07-08,46.484848484848484,28.4,23.8,78.2,15.391,33.4,0.5732
2024-07-09,52.63636363636364,28.1,24.3,80.6,17.33,16.3,0.4872
2024-07-10,58.78787878787879,28.5,23.0,72.9,0.0,18.4,0.14379999
2024-07-11,64.93939393939394,28.8,23.1,73.0,0.0,13.0,0.2898
2024-07-12,71.0909090909091,28.2,21.4,69.2,0.0,22.3,0.47939998
2024-07-13,77.24242424242425,27.7,20.1,66.0,0.0,14.8,0.2602
2024-07-14,83.3939393939394,27.8,19.8,63.7,0.0,18.4,0.3874
2024-07-15,89.54545454545455,27.3,19.8,65.6,0.0,14.7,0.3276
2024-07-16,50.94444444444444,28.2,20.5,65.3,0.0,25.9,0.2556
2024-07-17,72.57894736842105,28.6,21.8,68.2,0.0,16.5,0.24599999
2024-07-18,88.38888888888889,28.9,22.4,68.8,0.0,22.3,0.704
2024-07-19,81.11111111111111,29.1,22.2,67.3,0.0,18.2,0.528
2024-07-20,84.94444444444444,28.7,21.5,67.0,0.0,22.3,0.26
2024-07-21,79.77777777777777,28.8,21.6,66.8,0.0,14.8,0.559
2024-07-22,81.47058823529412,28.9,22.1,67.9,0.0,14.7,0.4376
2024-07-23,82.11764705882354,28.8,21.2,64.7,0.0,14.8,0.5986
2024-07-24,85.7,28.6,21.9,68.3,0.0,14.8,0.86139995
2024-07-25,68.0625,28.2,22.0,69.6,0.0,14.8,1.3194
2024-07-26,76.17647058823529,29.1,21.6,65.3,0.0,22.3,0.7382
2024-07-27,90.3157894736842,29.1,22.2,68.2,0.0,16.6,0.5266
2024-07-28,91.11764705882354,29.2,22.2,67.7,0.0,18.4,1.0741999
2024-07-29,95.10526315789474,29.0,21.6,65.7,0.0,25.1,0.6922
2024-07-30,94.44444444444444,29.3,21.3,64.3,0.0,14.8,0.5768
2024-07-31,110.5,29.0,22.3,69.5,0.0,22.3,0.42479998
2024-08-01,88.25,28.0,23.2,76.4,0.0,22.3,0.90199995
2024-08-02,73.6,26.8,23.3,82.4,3.094,16.5,0.5456
2024-08-03,60.333333333333336,27.3,23.5,81.6,8.66,24.1,0.26839998
2024-08-04,46.61111111111112,28.5,23.1,74.5,0.336,18.3,0.1968
2024-08-05,64.55555555555556,28.4,22.4,71.3,10.629,13.0,1.1331999
2024-08-06,76.0,29.0,22.2,68.9,0.0,22.3,0.31
2024-08-07,83.72222222222223,28.8,21.9,67.7,0.0,27.7,0.5762
2024-08-08,98.6470588235294,28.9,22.1,67.8,0.0,21.8,0.397399995
2024-08-09,86.61904761904762,29.5,22.4,67.4,0.0,18.4,0.21859999
2024-08-10,74.15789473684211,29.4,23.0,69.8,0.0,25.9,0.4416
2024-08-11,70.80952380952381,29.2,23.0,70.0,0.317,14.8,0.48819998
2024-08-12,65.9,28.3,20.3,63.0,0.0,22.4,0.7912
2024-08-13,86.35714285714286,28.6,19.8,61.1,0.0,27.6,0.12799999
2024-08-14,84.63157894736842,29.0,21.4,65.8,0.0,13.1,0.287
2024-08-15,86.0,29.1,21.3,64.8,0.0,18.4,0.3074
2024-08-16,83.95238095238095,29.0,21.4,65.0,0.0,25.8,0.886
2024-08-17,89.0,29.4,21.8,64.7,0.0,25.8,0.75479996
2024-08-18,90.05263157894737,29.2,22.5,69.4,0.0,14.8,0.3958
2024-08-19,81.9,29.3,22.6,69.2,0.0,18.4,0.341
2024-08-20,91.65,28.7,22.6,71.1,0.0,14.8,0.8312
2024-08-21,94.9375,29.2,22.5,68.7,0.0,24.1,0.36519998
2024-08-22,98.22222222222224,29.3,22.6,68.2,0.0,22.3,0.3644
2024-08-23,107.47619047619048,29.1,23.0,70.9,0.0,14.8,0.9026
2024-08-24,86.45,28.8,22.6,70.3,0.929,22.3,0.91819996
2024-08-25,81.33333333333333,29.1,21.3,64.6,0.0,21.7,0.24759999
2024-08-26,77.15,28.9,21.9,67.9,0.0,14.8,0.1836
2024-08-27,83.75,29.3,22.3,67.9,0.0,18.4,0.53099996
2024-08-28,76.4375,29.5,21.1,62.3,0.0,18.3,0.6864
2024-08-29,118.84210526315788,29.1,22.1,67.2,0.408,18.3,0.6918
2024-08-30,86.3157894736842,29.2,20.8,63.0,0.0,18.3,0.8544
2024-08-31,130.05555555555554,29.2,21.1,63.5,0.0,18.3,0.3414
2024-09-01,90.05,29.3,22.3,67.6,0.0,18.1,0.2348
2024-09-02,0.0,30.0,22.9,67.5,0.968,22.3,0.49519998
2024-09-03,72.9047619047619,29.2,22.6,68.8,0.098,22.3,0.603
2024-09-04,75.0,29.8,21.1,61.1,0.0,21.7,0.4976
2024-09-05,119.5,29.3,22.5,68.0,0.0,33.4,0.1906
2024-09-06,76.0,30.1,22.8,66.4,0.0,27.2,0.24919999
2024-09-07,89.2,30.5,21.2,59.8,0.0,22.3,0.23539999
2024-09-08,88.4,30.6,22.0,61.6,0.0,28.9,0.1882
2024-09-09,65.35,27.7,23.5,78.9,7.566,18.3,0.6098
2024-09-10,58.888888888888886,27.1,23.6,82.6,6.297,29.4,0.3496
2024-09-11,49.76470588235294,28.9,21.9,68.2,0.581,25.9,0.0132
2024-09-12,62.72222222222222,28.5,23.1,73.6,5.87,16.6,0.7328
2024-09-13,55.35,27.9,22.3,74.0,3.039,18.3,0.3076
2024-09-14,59.6,29.0,21.2,65.1,0.0,18.4,0.1946
2024-09-15,68.83333333333333,28.9,21.0,64.2,0.0,24.1,0.1718
2024-09-16,68.22222222222223,29.0,20.5,62.9,0.0,24.1,0.2366
2024-09-17,66.47368421052632,29.1,19.9,59.8,0.0,20.5,0.28419998
2024-09-18,60.38095238095238,28.2,20.7,65.0,0.0,13.0,0.2944
2024-09-19,64.52380952380952,28.8,20.3,62.3,0.0,18.3,0.38259998
2024-09-20,68.66666666666667,29.2,21.8,65.5,0.0,22.2,0.5354
2024-09-21,67.71428571428571,29.4,22.4,67.5,0.0,14.8,0.5676
2024-09-22,65.19047619047618,29.4,23.6,72.2,0.041,22.3,0.61899996
2024-09-23,62.66666666666666,29.8,24.1,72.5,1.807,22.3,0.8814
2024-09-24,54.61538461538461,27.2,24.0,83.5,1.436,20.3,0.6651
2024-09-25,61.588235294117645,27.3,23.1,79.9,43.33,27.7,0.4488
2024-09-26,53.66666666666666,27.1,23.4,81.8,19.633,27.6,0.28959998
2024-09-27,51.68421052631579,29.0,23.5,74.6,16.505,27.1,0.0852
2024-09-28,59.578947368421055,29.8,23.7,71.0,0.0,31.5,0.4998
2024-09-29,59.03947368421053,29.5,23.0,69.8,0.856,27.7,0.3906
2024-09-30,58.5,29.8,22.0,65.6,0.0,22.3,0.1696
2024-10-01,100.55555555555556,29.8,22.7,67.6,0.0,23.5,0.5252
2024-10-02,15.894736842105264,30.1,23.4,68.9,0.898,27.6,0.8272
2024-10-03,81.3157894736842,29.4,23.0,69.9,0.265,18.4,0.5275000000000001
2024-10-04,67.94736842105263,29.3,22.6,69.0,0.008,27.6,0.2278
2024-10-05,62.68421052631579,28.9,22.8,71.2,0.0,27.6,0.71959996
2024-10-06,56.05,29.3,22.0,67.3,0.899,18.3,0.8172
2024-10-07,74.88888888888889,30.0,21.1,62.3,0.0,27.7,0.3376
2024-10-08,63.44444444444444,30.0,21.9,63.7,0.0,24.1,0.54399997
2024-10-09,60.526315789473685,30.1,22.8,66.5,0.0,16.6,0.2428
2024-10-10,60.0233918128655,29.8,23.2,69.2,0.0,22.3,0.31939998
2024-10-11,59.52046783625731,30.5,23.0,66.2,0.0,29.5,0.3274
2024-10-12,59.01754385964912,30.1,23.4,68.6,0.0,14.8,1.2959
2024-10-13,58.514619883040936,29.0,23.7,73.7,0.0,27.8,2.2644
2024-10-14,58.01169590643275,28.2,23.5,76.7,3.231,26.9,1.8404
2024-10-15,57.50877192982456,27.8,23.5,78.6,1.059,14.8,1.1162
2024-10-16,57.005847953216374,28.8,22.0,69.4,0.0,20.5,0.51559997
2024-10-17,56.50292397660819,29.0,19.7,58.7,0.152,18.3,0.8028
2024-10-18,56.0,29.2,21.2,63.3,0.0,14.8,0.2856
2024-10-19,67.88888888888889,28.9,22.2,69.0,0.0,16.3,0.27899998
2024-10-20,68.25925925925925,29.9,19.9,58.2,0.0,18.5,0.2764
2024-10-21,68.62962962962963,28.8,21.6,65.8,0.0,14.7,0.30369999999999997
2024-10-22,69.0,29.7,22.6,67.1,0.0,18.3,0.331
2024-10-23,60.0,30.3,23.4,67.4,0.177,18.3,0.24059999
2024-10-24,58.02777777777778,29.6,24.0,72.6,31.138,14.8,0.1998
2024-10-25,56.05555555555556,28.5,23.5,76.6,21.608,14.8,0.5232
2024-10-26,54.083333333333336,30.1,21.8,63.4,2.242,18.3,0.4464
2024-10-27,57.0,30.1,22.7,66.1,0.0,18.3,0.498
2024-10-28,61.5,29.6,22.6,67.8,0.0,18.3,0.6756
2024-10-29,66.0,30.4,23.0,66.1,0.417,18.3,1.0691999
2024-10-30,64.12121212121212,30.0,22.9,67.3,0.0,18.3,0.82299995
2024-10-31,62.24242424242424,29.8,22.7,67.3,0.0,22.3,0.9492
2024-11-01,60.36363636363637,29.9,22.9,67.7,0.109,18.4,1.0868
2024-11-02,65.85,27.9,23.2,77.3,27.997,25.8,0.16
2024-11-03,54.11111111111112,26.6,23.2,82.5,16.341,14.7,0.9034
2024-11-04,48.65,27.7,23.3,78.5,6.927,14.7,1.6702
2024-11-05,49.38095238095238,28.1,23.7,79.3,17.509,32.8,0.9672
2024-11-06,34.714285714285715,29.0,22.6,70.8,0.695,27.7,1.0888
2024-11-07,60.0,28.5,23.1,74.3,0.0,18.3,0.385
2024-11-08,61.142857142857146,29.9,23.2,69.0,0.916,14.9,0.4242
2024-11-09,65.5625,28.3,24.0,79.3,4.529,14.5,1.181
2024-11-10,58.041666666666664,27.8,23.7,79.9,4.134,22.2,1.6201999
2024-11-11,50.520833333333336,26.9,23.8,84.5,8.082,27.6,1.1173999
2024-11-12,43.0,27.8,23.7,79.7,4.36,22.2,0.7504
2024-11-13,59.526315789473685,29.4,23.5,72.4,0.544,24.1,0.2756
2024-11-14,63.333333333333336,29.6,23.7,72.1,0.052,16.6,1.166
2024-11-15,64.05555555555556,28.9,24.2,77.6,1.856,20.5,1.5047
2024-11-16,57.42105263157895,27.3,25.1,88.0,16.201,18.1,1.8434
2024-11-17,59.77777777777778,28.6,24.4,79.5,10.155,14.8,1.8233
2024-11-18,43.578947368421055,28.2,24.1,79.6,10.7,22.3,1.8032
2024-11-19,50.85714285714285,27.6,23.9,82.2,7.6,22.3,0.47219998
2024-11-20,42.46666666666667,28.2,23.8,78.7,8.4,22.3,0.1908
2024-11-21,45.733333333333334,28.2,23.8,78.5,9.0,22.3,0.46559998
2024-11-22,49.0,28.3,23.8,77.5,1.155,22.3,0.6902
2024-11-23,52.35,27.3,24.1,83.8,5.474,18.1,0.41099998
2024-11-24,41.285714285714285,27.4,23.8,82.6,1.634,27.6,0.7762
2024-11-25,30.0,28.6,23.3,74.5,0.0,27.1,0.4132
2024-11-26,50.8,28.6,24.1,78.1,0.53,25.1,0.22559999
2024-11-27,46.05555555555556,27.6,24.1,82.6,21.554,15.0,0.86399996
2024-11-28,25.22222222222222,28.2,23.3,76.6,14.66,27.1,0.8081999799999999
2024-11-29,28.823529411764707,28.6,22.3,69.9,0.14,19.3,0.7524
2024-11-30,33.7,29.2,22.4,67.8,0.0,22.3,0.6861999999999999
2024-12-01,30.0,29.0,23.2,72.3,0.175,27.8,0.62
2024-12-02,18.41176470588235,27.5,23.2,78.3,20.69,29.0,0.6628363636363637
2024-12-03,14.6,26.9,22.6,77.4,8.674,33.3,0.7056727272727272
2024-12-04,16.351020408163265,26.0,23.4,85.5,4.972,22.3,0.7485090909090909
2024-12-05,18.10204081632653,26.9,23.9,83.8,30.463,24.1,0.7913454545454546
2024-12-06,19.853061224489796,26.2,24.0,88.0,16.056,14.2,0.8341818181818181
2024-12-07,21.604081632653063,27.2,24.4,85.6,17.436,18.3,0.8770181818181818
2024-12-08,23.355102040816327,28.1,24.7,82.3,14.944,22.3,0.9198545454545455
2024-12-09,25.10612244897959,26.3,25.0,92.9,24.334,18.4,0.962690909090909
2024-12-10,26.857142857142858,27.0,24.1,84.6,6.584,29.4,1.0055272727272726
2024-12-11,7.888888888888889,28.5,23.3,74.6,0.212,27.6,1.0483636363636362
2024-12-12,20.210526315789476,28.9,22.4,69.2,0.961,25.4,1.0912
2024-12-13,19.52380952380953,29.2,22.5,68.0,0.0,25.9,0.121199995
2024-12-14,20.157894736842103,27.5,23.2,77.9,3.154,44.8,0.109359996
2024-12-15,19.09523809523809,27.0,23.1,80.4,20.942,27.6,0.097519997
2024-12-16,18.33333333333333,27.2,24.0,83.0,0.591,24.0,0.08567999800000001
2024-12-17,16.1,28.1,23.4,77.1,7.696,18.4,0.073839999
2024-12-18,27.57894736842105,27.9,22.6,73.3,0.791,33.4,0.062
2024-12-19,20.214285714285715,26.9,23.7,83.8,33.91,27.2,0.1848
2024-12-20,20.25,27.5,23.7,80.4,12.1,30.8,0.3076
2024-12-21,21.57936507936508,28.0,24.0,80.0,3.087,18.4,0.3535
2024-12-22,22.90873015873016,27.7,24.8,84.9,19.712,19.4,0.3994
2024-12-23,24.23809523809524,26.8,24.8,89.4,33.928,22.3,0.4453
2024-12-24,25.56746031746032,27.1,23.7,82.5,16.73,27.6,0.49119999999999997
2024-12-25,26.8968253968254,27.0,24.2,85.0,6.004,14.3,0.5370999999999999
2024-12-26,28.22619047619048,28.5,23.2,74.1,2.616,27.6,0.583
2024-12-27,29.55555555555556,29.1,23.0,71.7,0.0,18.2,0.0374
2024-12-28,26.04166666666667,29.7,21.8,64.5,0.026,22.3,0.72179997
2024-12-29,22.52777777777778,29.1,23.4,71.8,0.076,14.8,1.6483333133333333
2024-12-30,19.01388888888889,28.1,22.9,74.0,2.054,31.6,2.574866656666667
2024-12-31,15.5,28.2,22.9,73.7,2.97,22.4,3.5014
