station,feature_set,variant,seed,target_mode,lookback,n_features,epochs_run,best_train_loss,best_val_loss,val_R2,val_MSE,val_RMSE,val_MAE,test_R2,test_MSE,test_RMSE,test_MAE,persistence_test_R2,persistence_test_MSE,persistence_test_RMSE,persistence_test_MAE,lstm_units,dropout_rate,optimizer,learning_rate,activation,batch_size,max_epochs,patience,old_skripsi_R2,delta_vs_skripsi
bundaran_hi,calendar,no_smooth,123,residual,14,14,32,0.0089357635006308,0.0075921360403299,0.6646749349210489,109.12440607391989,10.44626278024442,7.475668996373813,0.7675076265645973,121.180177802152,11.008186853526423,7.695969455367648,0.7452472903713774,132.7827583856375,11.523140126963549,7.71840625117321,32,0.1,adam,0.001,tanh,4,100,15,0.7748,-0.0072923734354027
bundaran_hi,calendar,no_smooth,2024,residual,14,14,45,0.0091248685494065,0.0076509346254169,0.6620779319895101,109.96954540882068,10.486636515528737,7.671090657313664,0.7337017321979715,138.80055919176647,11.7813649120875,8.539983724816164,0.7452472903713774,132.7827583856375,11.523140126963549,7.71840625117321,32,0.1,adam,0.001,tanh,4,100,15,0.7748,-0.0410982678020285
bundaran_hi,calendar,kalman_slow,42,residual,14,14,44,0.0098755648359656,0.0076728202402591,0.6611113616254984,110.28409516333008,10.501623453701342,7.654413820449952,0.7368832512362811,137.14228095645743,11.710776274716268,8.378597257299742,0.7452472903713774,132.7827583856375,11.523140126963549,7.71840625117321,32,0.1,adam,0.001,tanh,4,100,15,0.7748,-0.0379167487637189
bundaran_hi,calendar,kalman_slow,2024,residual,14,14,43,0.0096727348864078,0.0078055113554,0.6552507039500909,112.19132147783428,10.592040477539456,7.494027938610978,0.7235825015199373,144.07492649537136,12.0031215313089,8.791187858842234,0.7452472903713774,132.7827583856375,11.523140126963549,7.71840625117321,32,0.1,adam,0.001,tanh,4,100,15,0.7748,-0.0512174984800627
bundaran_hi,calendar,no_smooth,42,residual,14,14,42,0.0092615596950054,0.0078294752165675,0.6541922549745726,112.53577117110666,10.608287852952834,7.71692391982785,0.728764234981008,141.3740921718301,11.890083774802855,8.847622398463864,0.7452472903713774,132.7827583856375,11.523140126963549,7.71840625117321,32,0.1,adam,0.001,tanh,4,100,15,0.7748,-0.046035765018992
bundaran_hi,calendar,no_smooth,42,residual,7,14,36,0.0088716791942715,0.007891908288002,0.6487100916934554,113.43312370342667,10.65049875374044,7.807886774204171,0.7387018869114104,138.26862785060058,11.758768126406803,8.887391964226447,0.7551472835702068,129.5663743073471,11.382722622788764,7.655880518370267,32,0.1,adam,0.001,tanh,4,100,15,0.7748,-0.0360981130885896
bundaran_hi,calendar,no_smooth,123,residual,7,14,42,0.0098844906315207,0.00799813400954,0.6439816382476989,114.9599630231897,10.721938398591446,7.820508360904916,0.7414130577397258,136.83398346733767,11.697605886134893,8.336812710474637,0.7551472835702068,129.5663743073471,11.382722622788764,7.655880518370267,32,0.1,adam,0.001,tanh,4,100,15,0.7748,-0.0333869422602742
bundaran_hi,calendar,no_smooth,2024,residual,7,14,38,0.0089767286553978,0.0080570429563522,0.6413595153778826,115.80665853258051,10.761350218842454,7.95806988977787,0.7512130794565084,131.64819953775296,11.473804928521009,8.569616943365945,0.7551472835702068,129.5663743073471,11.382722622788764,7.655880518370267,32,0.1,adam,0.001,tanh,4,100,15,0.7748,-0.0235869205434916
bundaran_hi,calendar,kalman_slow,2024,residual,7,14,37,0.0090905921533703,0.0080787502229213,0.6403933506214317,116.11863756683378,10.77583581755187,7.786662142178058,0.7370157395683361,139.16087034223224,11.79664657189628,8.795257648150534,0.7551472835702068,129.5663743073471,11.382722622788764,7.655880518370267,32,0.1,adam,0.001,tanh,4,100,15,0.7748,-0.0377842604316639
bundaran_hi,calendar,kalman_slow,123,residual,14,14,27,0.0092920800670981,0.0082164779305458,0.637099325980186,118.09830114224658,10.867304226083236,7.5888620063552175,0.7112045942358356,150.52656610548854,12.268926852234816,9.011694086975991,0.7452472903713774,132.7827583856375,11.523140126963549,7.71840625117321,32,0.1,adam,0.001,tanh,4,100,15,0.7748,-0.0635954057641644
bundaran_hi,calendar,kalman_slow,42,residual,7,14,47,0.0094092907384037,0.0082930950447916,0.6308522455325317,119.19950419073962,10.917852544834062,8.22287627748792,0.7487816061457873,132.9348390559449,11.52973716335047,8.295991146173353,0.7551472835702068,129.5663743073471,11.382722622788764,7.655880518370267,32,0.1,adam,0.001,tanh,4,100,15,0.7748,-0.0260183938542127
bundaran_hi,calendar,kalman_slow,123,residual,7,14,38,0.0088867470622062,0.0084122642874717,0.6255476162990463,120.9123933168277,10.99601715699042,8.260460855506535,0.7343539873034441,140.5693643760949,11.856195189692809,8.599867392010443,0.7551472835702068,129.5663743073471,11.382722622788764,7.655880518370267,32,0.1,adam,0.001,tanh,4,100,15,0.7748,-0.0404460126965559
bundaran_hi,calendar,no_smooth,2024,residual,30,14,39,0.0094772176817059,0.0083934525027871,0.6078416356361693,120.6419977267887,10.983715114968556,8.199275450153928,0.7045670058138398,161.0273573791319,12.689655526417251,9.394574875257328,0.7443129923920673,139.36359161475184,11.805235771247936,7.872188890590466,32,0.1,adam,0.001,tanh,4,100,15,0.7748,-0.0702329941861602
bundaran_hi,calendar,kalman_slow,42,residual,30,14,60,0.0099977441132068,0.0083954213187098,0.6077496546958746,120.6702943676316,10.985003157379229,8.142379251952791,0.744590023633122,139.21259423281964,11.798838681532164,8.55124045851882,0.7443129923920673,139.36359161475184,11.805235771247936,7.872188890590466,32,0.1,adam,0.001,tanh,4,100,15,0.7748,-0.030209976366878
bundaran_hi,calendar,no_smooth,42,residual,30,14,42,0.0093013914301991,0.0083956765010952,0.6077377103653911,120.67396887268356,10.985170407084432,8.407629093003909,0.7453396596352981,138.80400106007943,11.781510983743956,8.46877923120779,0.7443129923920673,139.36359161475184,11.805235771247936,7.872188890590466,32,0.1,adam,0.001,tanh,4,100,15,0.7748,-0.0294603403647019
bundaran_hi,calendar,kalman_slow,2024,residual,30,14,38,0.0095249116420745,0.00842229090631,0.6064942916776781,121.05648911993084,11.002567387656883,8.095126892500257,0.7394575002994561,142.01010394016865,11.916799232183475,8.356076051225816,0.7443129923920673,139.36359161475184,11.805235771247936,7.872188890590466,32,0.1,adam,0.001,tanh,4,100,15,0.7748,-0.0353424997005439
bundaran_hi,calendar,kalman_slow,123,residual,30,14,73,0.0097485603764653,0.008469458669424,0.6042904884558836,121.73445814324955,11.033333954125087,8.309346947726327,0.7476770945407609,137.52996947498423,11.727317232640388,8.378421269729733,0.7443129923920673,139.36359161475184,11.805235771247936,7.872188890590466,32,0.1,adam,0.001,tanh,4,100,15,0.7748,-0.0271229054592391
bundaran_hi,calendar,no_smooth,123,residual,30,14,46,0.0097280368208885,0.0085218455642461,0.6018428567417267,122.48743756821824,11.06740428321918,8.311752741276033,0.7330781449999109,145.4872061795381,12.061807749236351,8.669641846478168,0.7443129923920673,139.36359161475184,11.805235771247936,7.872188890590466,32,0.1,adam,0.001,tanh,4,100,15,0.7748,-0.0417218550000891
bundaran_hi,calendar,no_smooth,123,residual,60,14,47,0.0098175723105669,0.0066977245733141,0.5777905832006595,96.26871865971373,9.811662380030905,7.1211423985660085,0.7539975398703285,146.3884094468865,12.099107795489983,8.16612180867799,0.7558225401455025,145.30240856956996,12.054144870938376,7.63870644956906,32,0.1,adam,0.001,tanh,4,100,15,0.7748,-0.0208024601296715
bundaran_hi,calendar,kalman_slow,42,residual,60,14,42,0.009956706315279,0.0068879076279699,0.565801934838877,99.00227165575971,9.949988525408443,7.169736643632254,0.7541385343374498,146.3045080266657,12.095640042042657,8.2813608937064,0.7558225401455025,145.30240856956996,12.054144870938376,7.63870644956906,32,0.1,adam,0.001,tanh,4,100,15,0.7748,-0.0206614656625502
bundaran_hi,calendar,no_smooth,2024,residual,60,14,44,0.009770487435162,0.0070093795657157,0.5581446390334546,100.74822526611408,10.03734154376118,7.214831785609328,0.7464329230969144,150.889877509245,12.283724089592903,8.495310448896554,0.7558225401455025,145.30240856956996,12.054144870938376,7.63870644956906,32,0.1,adam,0.001,tanh,4,100,15,0.7748,-0.0283670769030855
bundaran_hi,calendar,kalman_slow,2024,residual,60,14,40,0.0095029966905713,0.0071133393794298,0.5515912256872375,102.24248067725672,10.111502394662066,7.130507747125296,0.7429858669742053,152.94111334977907,12.366936296018473,8.528443638213648,0.7558225401455025,145.30240856956996,12.054144870938376,7.63870644956906,32,0.1,adam,0.001,tanh,4,100,15,0.7748,-0.0318141330257947
bundaran_hi,calendar,kalman_slow,123,residual,60,14,36,0.0095656951889395,0.0073366919532418,0.5375115714004215,105.45280764636765,10.269021747292564,7.137076355516912,0.7205453530703652,166.29476491823212,12.89553275046177,8.719852992969138,0.7558225401455025,145.30240856956996,12.054144870938376,7.63870644956906,32,0.1,adam,0.001,tanh,4,100,15,0.7748,-0.0542546469296348
bundaran_hi,calendar,no_smooth,42,residual,60,14,17,0.0119622563943266,0.007826411165297,0.5066407512161992,112.49171816058276,10.60621130095864,7.369437139067386,0.7537370043544883,146.5434460255783,12.105513042642112,8.202259038323685,0.7558225401455025,145.30240856956996,12.054144870938376,7.63870644956906,32,0.1,adam,0.001,tanh,4,100,15,0.7748,-0.0210629956455117
jagakarsa,calendar,no_smooth,42,residual,14,14,43,0.0098358495160937,0.0087140901014208,0.4210704918387992,148.88832772528403,12.201980483728208,8.335414198218205,0.6336792693965072,106.26468265730364,10.308476252933971,7.678273755275738,0.5459712764687137,131.70758352624,11.476392443892813,8.240762577692038,32,0.1,adam,0.001,tanh,4,100,15,0.6329,0.0007792693965071
jagakarsa,calendar,no_smooth,42,residual,30,14,55,0.0102039687335491,0.0095042288303375,0.4170334656981348,162.38858251150913,12.74317788118447,8.71937097860478,0.6146691923964835,104.83038790718778,10.238671198314153,7.333555988388362,0.512661314607272,132.5819332994137,11.514422838310816,8.191836464616811,32,0.1,adam,0.001,tanh,4,100,15,0.6329,-0.0182308076035164
jagakarsa,calendar,no_smooth,2024,residual,14,14,35,0.0102110793814063,0.0088198697194457,0.4140428640068757,150.6956837868089,12.275817031334771,8.004723191135021,0.6214631643968096,109.80840926803232,10.478950771333563,7.721116715377866,0.5459712764687137,131.70758352624,11.476392443892813,8.240762577692038,32,0.1,adam,0.001,tanh,4,100,15,0.6329,-0.0114368356031904
jagakarsa,calendar,kalman_slow,123,residual,14,14,50,0.0104136792942881,0.008907520212233,0.4082196730963074,152.19328434866895,12.33666423100949,8.106069266294963,0.602096334294172,115.42646438477182,10.743670898941936,7.609107751547174,0.5459712764687137,131.70758352624,11.476392443892813,8.240762577692038,32,0.1,adam,0.001,tanh,4,100,15,0.6329,-0.030803665705828
jagakarsa,calendar,no_smooth,123,residual,14,14,42,0.009762599132955,0.0089565906673669,0.4049596995010956,153.0316800603702,12.370597401110835,8.23429006585008,0.5762416782211235,122.92654994719678,11.087224627795576,8.433448609130755,0.5459712764687137,131.70758352624,11.476392443892813,8.240762577692038,32,0.1,adam,0.001,tanh,4,100,15,0.6329,-0.0566583217788765
jagakarsa,calendar,no_smooth,2024,residual,30,14,41,0.0097569776698946,0.0097120171412825,0.4042881611985377,165.93885822990129,12.8817257473485,8.894537735486054,0.6238446385036323,102.33418060776104,10.116035814871408,7.447099922692827,0.512661314607272,132.5819332994137,11.514422838310816,8.191836464616811,32,0.1,adam,0.001,tanh,4,100,15,0.6329,-0.0090553614963677
jagakarsa,calendar,no_smooth,123,residual,7,14,36,0.0099620642140507,0.0087826307862997,0.3981392396633908,150.05938297030536,12.249872773637502,8.107655079105564,0.6279728600450417,111.36286751473362,10.552860631825554,7.748293066244301,0.5620343940013672,131.10093463272807,11.449931643146524,8.263524480193087,32,0.1,adam,0.001,tanh,4,100,15,0.6329,-0.0049271399549583
jagakarsa,calendar,no_smooth,2024,residual,7,14,32,0.0097699593752622,0.0088051687926054,0.3965946476970317,150.4444895143557,12.265581499234177,8.318704859272488,0.5950656719878789,121.2133284900698,11.009692479359712,8.443123064688136,0.5620343940013672,131.10093463272807,11.449931643146524,8.263524480193087,32,0.1,adam,0.001,tanh,4,100,15,0.6329,-0.0378343280121211
jagakarsa,calendar,kalman_slow,42,residual,14,14,32,0.01042265817523,0.0091147115454077,0.3944547745095567,155.73332282139918,12.479315799409806,7.793926869632381,0.6121578650079007,112.5077505937732,10.606967077999876,7.60019922198753,0.5459712764687137,131.70758352624,11.476392443892813,8.240762577692038,32,0.1,adam,0.001,tanh,4,100,15,0.6329,-0.0207421349920993
jagakarsa,calendar,kalman_slow,2024,residual,14,14,44,0.0100711183622479,0.009120961651206,0.3940395475459326,155.84011034452408,12.483593647044271,8.374826184210022,0.5982339792507165,116.54688127279906,10.795688087046562,7.753283221504051,0.5459712764687137,131.70758352624,11.476392443892813,8.240762577692038,32,0.1,adam,0.001,tanh,4,100,15,0.6329,-0.0346660207492834
jagakarsa,calendar,kalman_slow,123,residual,7,14,46,0.0095068793743848,0.0088629787787795,0.3926329790788172,151.43223549741265,12.30578057245507,8.183431006223461,0.6283189000977057,111.25928364033058,10.54795163244175,7.830009915674853,0.5620343940013672,131.10093463272807,11.449931643146524,8.263524480193087,32,0.1,adam,0.001,tanh,4,100,15,0.6329,-0.0045810999022942
jagakarsa,calendar,kalman_slow,42,residual,30,14,36,0.0102955512702465,0.0099476631730794,0.3898343277338956,169.96505422928482,13.037064632396543,8.82601307972487,0.6145570234236446,104.86090380859464,10.240161317508363,7.453157165491005,0.512661314607272,132.5819332994137,11.514422838310816,8.191836464616811,32,0.1,adam,0.001,tanh,4,100,15,0.6329,-0.0183429765763554
jagakarsa,calendar,no_smooth,123,residual,30,14,45,0.0105983475223183,0.0099831670522689,0.387656479919963,170.571705895583,13.060310329222006,8.673553996531691,0.5829793820027518,113.4516947187063,10.651370555881826,7.549297026716042,0.512661314607272,132.5819332994137,11.514422838310816,8.191836464616811,32,0.1,adam,0.001,tanh,4,100,15,0.6329,-0.0499206179972482
jagakarsa,calendar,no_smooth,42,residual,7,14,36,0.0098797157406806,0.0089488942176103,0.3867453113736417,152.90018263933746,12.365281340888991,8.323960621403968,0.643803803563183,106.62402167177324,10.32589084155809,7.661418723002904,0.5620343940013672,131.10093463272807,11.449931643146524,8.263524480193087,32,0.1,adam,0.001,tanh,4,100,15,0.6329,0.0109038035631829
jagakarsa,calendar,kalman_slow,123,residual,30,14,64,0.0102828703820705,0.0100442888215184,0.3839074936742163,171.61600694286523,13.100229270622146,9.260219898488067,0.63120380705061,100.33209700003708,10.016591086793804,7.141460511293587,0.512661314607272,132.5819332994137,11.514422838310816,8.191836464616811,32,0.1,adam,0.001,tanh,4,100,15,0.6329,-0.00169619294939
jagakarsa,calendar,kalman_slow,2024,residual,7,14,41,0.0093957260251045,0.0090538943186402,0.3795497300483794,154.69422632010117,12.437613369135622,8.564757050774888,0.6483849748549839,105.25269061325722,10.25927339596997,7.487487734376833,0.5620343940013672,131.10093463272807,11.449931643146524,8.263524480193087,32,0.1,adam,0.001,tanh,4,100,15,0.6329,0.0154849748549839
jagakarsa,calendar,no_smooth,123,residual,60,14,51,0.0100783593952655,0.0086713321506977,0.3727599707886414,148.15776950815592,12.172007620280064,7.793853328033888,0.5746719748756309,115.11018922025151,10.72894166356829,7.395225340951989,0.4511195221220606,148.54825437227387,12.1880373470167,8.367245384641832,32,0.1,adam,0.001,tanh,4,100,15,0.6329,-0.058228025124369
jagakarsa,calendar,kalman_slow,2024,residual,30,14,63,0.0098585411906242,0.010325338691473,0.3666684733891969,176.41803227923197,13.282245001475916,9.301899349832288,0.5939702731492604,110.46159021733015,10.51007089497165,7.346447998040862,0.512661314607272,132.5819332994137,11.514422838310816,8.191836464616811,32,0.1,adam,0.001,tanh,4,100,15,0.6329,-0.0389297268507395
jagakarsa,calendar,kalman_slow,42,residual,7,14,38,0.0107211237773299,0.0093164173886179,0.3615594481746377,159.17966676636934,12.61664245218867,8.084660159848427,0.5728535681480426,127.86231538236665,11.307622003868303,8.306834473016036,0.5620343940013672,131.10093463272807,11.449931643146524,8.263524480193087,32,0.1,adam,0.001,tanh,4,100,15,0.6329,-0.0600464318519574
jagakarsa,calendar,no_smooth,2024,residual,60,14,52,0.0090079270303249,0.0088677573949098,0.3585515058263128,151.5138921707994,12.309097943017573,7.906076870402433,0.5814367263069424,113.27938623693404,10.643278923195334,7.466647052248951,0.4511195221220606,148.54825437227387,12.1880373470167,8.367245384641832,32,0.1,adam,0.001,tanh,4,100,15,0.6329,-0.0514632736930575
jagakarsa,calendar,kalman_slow,123,residual,60,14,62,0.0101970117539167,0.0089323837310075,0.3538768145250736,152.61808164225516,12.353869096046598,7.6677581988621935,0.519031361091022,130.16868807934847,11.409149314447088,8.129064033936176,0.4511195221220606,148.54825437227387,12.1880373470167,8.367245384641832,32,0.1,adam,0.001,tanh,4,100,15,0.6329,-0.113868638908978
jagakarsa,calendar,kalman_slow,42,residual,60,14,81,0.010738642886281,0.0092783505097031,0.3288512673769085,158.5292624877365,12.590840420231546,8.320351386449566,0.5389424834362394,124.7799694307822,11.170495487254904,7.642834650568831,0.4511195221220606,148.54825437227387,12.1880373470167,8.367245384641832,32,0.1,adam,0.001,tanh,4,100,15,0.6329,-0.0939575165637606
jagakarsa,calendar,no_smooth,42,residual,60,14,75,0.0102554801851511,0.0093176281079649,0.3260100684255865,159.20037032485274,12.617462911570328,8.274217444345323,0.5573942797379505,119.7862007668846,10.944688244389814,7.453143683570556,0.4511195221220606,148.54825437227387,12.1880373470167,8.367245384641832,32,0.1,adam,0.001,tanh,4,100,15,0.6329,-0.0755057202620494
jagakarsa,calendar,kalman_slow,2024,residual,60,14,63,0.0101660471409559,0.0093238223344087,0.3255620379128862,159.30619775668413,12.621655903909128,8.391959340981233,0.5402466457482997,124.4270127440666,11.154685685579247,7.70613090054377,0.4511195221220606,148.54825437227387,12.1880373470167,8.367245384641832,32,0.1,adam,0.001,tanh,4,100,15,0.6329,-0.0926533542517002
kelapa_gading,calendar,kalman_slow,2024,residual,14,14,58,0.0110393669456243,0.0109183155000209,0.759841357120927,117.52541413538886,10.84091389760978,8.064045628451277,0.7282319813452448,138.91034449595583,11.786023268938331,8.723736035129491,0.7109019984717581,147.76831793588156,12.155999256987537,8.23181173561406,32,0.1,adam,0.001,tanh,4,100,15,0.7774,-0.0491680186547551
kelapa_gading,calendar,kalman_slow,123,residual,14,14,68,0.0114967431873083,0.0110815474763512,0.7562508671928138,119.28247692809845,10.921651749076164,7.958734488405753,0.7084413422744261,149.0260472365897,12.207622505491791,8.929254448489248,0.7109019984717581,147.76831793588156,12.155999256987537,8.23181173561406,32,0.1,adam,0.001,tanh,4,100,15,0.7774,-0.0689586577255738
kelapa_gading,univariate,no_smooth,42,residual,14,1,38,0.0145259760320186,0.0111238602548837,0.7553201770052391,119.73792482876604,10.942482571554136,8.038927190669346,0.7416810899298657,132.0360245671399,11.49069295417556,8.118209286861967,0.7109019984717581,147.76831793588156,12.155999256987537,8.23181173561406,32,0.1,adam,0.001,tanh,4,100,15,0.7774,-0.0357189100701342
kelapa_gading,calendar,kalman_slow,42,residual,14,14,39,0.0112730041146278,0.0111455395817756,0.7548433483536423,119.9712684389677,10.953139661255475,8.074048847871987,0.7496137161165634,127.98137589358991,11.312885392046978,8.23334539543902,0.7109019984717581,147.76831793588156,12.155999256987537,8.23181173561406,32,0.1,adam,0.001,tanh,4,100,15,0.7774,-0.0277862838834366
kelapa_gading,univariate,no_smooth,2024,residual,14,1,48,0.0145508842542767,0.0112113049253821,0.753396750838829,120.6791837152098,10.985407762810164,8.10155315862891,0.7416932210822766,132.0298239017015,11.49042313849675,8.154222585930835,0.7109019984717581,147.76831793588156,12.155999256987537,8.23181173561406,32,0.1,adam,0.001,tanh,4,100,15,0.7774,-0.0357067789177233
kelapa_gading,univariate,no_smooth,123,residual,14,1,37,0.0145721128210425,0.011233439669013,0.7529099001154747,120.91743178406294,10.996246258794995,8.115543366390435,0.7350905278103071,135.40469634456818,11.636352364232025,8.297818305764181,0.7109019984717581,147.76831793588156,12.155999256987537,8.23181173561406,32,0.1,adam,0.001,tanh,4,100,15,0.7774,-0.0423094721896928
kelapa_gading,calendar,no_smooth,2024,residual,14,14,33,0.012539560906589,0.0112992590293288,0.7514621071292951,121.62593208304553,11.028414758388692,7.959646906591176,0.748017525863893,128.79724576296252,11.348887424014857,7.802242957805715,0.7109019984717581,147.76831793588156,12.155999256987537,8.23181173561406,32,0.1,adam,0.001,tanh,4,100,15,0.7774,-0.0293824741361069
kelapa_gading,calendar,no_smooth,42,residual,14,14,30,0.0129389716312289,0.0114046307280659,0.7491443254437168,122.76017505347302,11.079719087299688,8.260176496778147,0.7362398759232245,134.81722345831236,11.611081924537109,8.073728022829394,0.7109019984717581,147.76831793588156,12.155999256987537,8.23181173561406,32,0.1,adam,0.001,tanh,4,100,15,0.7774,-0.0411601240767754
kelapa_gading,calendar,no_smooth,123,residual,14,14,26,0.0137995593249797,0.0117024481296539,0.742593566180648,125.9658922663282,11.2234527782821,7.773672607552726,0.6606873282506175,173.43483003578643,13.169465821960523,9.85151223814044,0.7109019984717581,147.76831793588156,12.155999256987537,8.23181173561406,32,0.1,adam,0.001,tanh,4,100,15,0.7774,-0.1167126717493824
kelapa_gading,calendar,no_smooth,2024,residual,7,14,41,0.0119285555556416,0.0139073310419917,0.7196117726542801,149.69938346604556,12.235169940219285,8.818772175200252,0.7724913983201894,118.46104125530807,10.883980947029816,7.660945846962218,0.7227442220324143,144.3638082674099,12.01514911548791,8.196882109011854,32,0.1,adam,0.001,tanh,4,100,15,0.7774,-0.0049086016798105
kelapa_gading,calendar,kalman_slow,42,residual,7,14,53,0.0112671814858913,0.0140532562509179,0.7166697255760227,151.27014354364383,12.299192800490763,8.82277763283672,0.7287433776692502,141.2401187974513,11.884448611418676,8.927531929666772,0.7227442220324143,144.3638082674099,12.01514911548791,8.196882109011854,32,0.1,adam,0.001,tanh,4,100,15,0.7774,-0.0486566223307497
kelapa_gading,calendar,kalman_slow,2024,residual,7,14,36,0.0117001943290233,0.0140996584668755,0.7157342555616902,151.76959134757703,12.319480157359603,8.701885264751702,0.7561778673158402,126.95530413177606,11.267444436595907,8.04421133927992,0.7227442220324143,144.3638082674099,12.01514911548791,8.196882109011854,32,0.1,adam,0.001,tanh,4,100,15,0.7774,-0.0212221326841597
kelapa_gading,calendar,kalman_slow,123,residual,7,14,42,0.0112599143758416,0.0141160627827048,0.7154034648213405,151.94620065230924,12.32664596118138,8.685263430408295,0.7263496912213752,142.48648305339742,11.936770210295473,9.01517428098544,0.7227442220324143,144.3638082674099,12.01514911548791,8.196882109011854,32,0.1,adam,0.001,tanh,4,100,15,0.7774,-0.0510503087786248
kelapa_gading,univariate,no_smooth,42,residual,7,1,40,0.014426571317017,0.0143276154994964,0.7111383621127366,154.22334064474595,12.41866903676662,8.807354781989476,0.7487607019626832,130.8173345095741,11.437540579581526,8.114386402616496,0.7227442220324143,144.3638082674099,12.01514911548791,8.196882109011854,32,0.1,adam,0.001,tanh,4,100,15,0.7774,-0.0286392980373167
kelapa_gading,target_temporal_calendar,no_smooth,42,residual,14,18,39,0.013087335973978,0.01121755130589,0.7090543022641074,120.74643992035855,10.988468497491294,7.910459633425784,0.7479242384519309,130.50181388687244,11.423739050191598,8.015000574332161,0.7147896208674402,147.6558935598572,12.151374142863729,8.186638427268552,32,0.1,adam,0.001,tanh,4,100,15,0.7774,-0.029475761548069
kelapa_gading,calendar,no_smooth,123,residual,7,14,29,0.0128702502697706,0.0144860846921801,0.7079434312176219,155.92911549036944,12.487158022959806,8.824869285936016,0.7465062062880178,131.9912237742196,11.488743350524445,8.198276300022314,0.7227442220324143,144.3638082674099,12.01514911548791,8.196882109011854,32,0.1,adam,0.001,tanh,4,100,15,0.7774,-0.0308937937119821
kelapa_gading,univariate,no_smooth,123,residual,7,1,34,0.0143820764496922,0.0145787689834833,0.706074847981059,156.92675280601733,12.52704086390786,8.929270823099827,0.7381468399419142,136.34384707849222,11.67663680511183,8.369074137295637,0.7227442220324143,144.3638082674099,12.01514911548791,8.196882109011854,32,0.1,adam,0.001,tanh,4,100,15,0.7774,-0.0392531600580857
kelapa_gading,calendar,no_smooth,42,residual,7,14,39,0.0124994264915585,0.0146586336195468,0.7044646854505254,157.78641920636085,12.561306429124354,9.029365315344512,0.7604573031128938,124.72705246673492,11.168126631926008,7.923446455679368,0.7227442220324143,144.3638082674099,12.01514911548791,8.196882109011854,32,0.1,adam,0.001,tanh,4,100,15,0.7774,-0.0169426968871061
kelapa_gading,univariate,no_smooth,2024,residual,7,1,39,0.0144619038328528,0.0147505979984998,0.7026105632997935,158.77633574266775,12.60064822708212,9.022983652817611,0.7447820007372677,132.88899723584674,11.527749009925865,8.204202120243188,0.7227442220324143,144.3638082674099,12.01514911548791,8.196882109011854,32,0.1,adam,0.001,tanh,4,100,15,0.7774,-0.0326179992627322
kelapa_gading,calendar,no_smooth,2024,residual,60,14,36,0.0123334033414721,0.0075345807708799,0.6741785098568429,81.10269865005453,9.005703673231455,7.2328658842553315,0.7586077503236136,138.76417577790454,11.7798207022817,7.999551581845264,0.7430352839122454,147.71599784054135,12.153847038717467,7.957736274327284,32,0.1,adam,0.001,tanh,4,100,15,0.7774,-0.0187922496763863
kelapa_gading,calendar,kalman_slow,123,residual,60,14,40,0.011012639850378,0.0075730928219854,0.6725131406136877,81.5172383411269,9.028689735566669,7.10385740806277,0.7364188749369013,151.5194361833382,12.30932314074735,9.158117372814257,0.7430352839122454,147.71599784054135,12.153847038717467,7.957736274327284,32,0.1,adam,0.001,tanh,4,100,15,0.7774,-0.0409811250630987
kelapa_gading,calendar,no_smooth,123,residual,60,14,34,0.0125402696430683,0.0075975488871335,0.6714555007479627,81.78050350289537,9.043257350252471,7.249694966639463,0.7484491709385794,144.6038284483133,12.025133198776356,8.323111156184625,0.7430352839122454,147.71599784054135,12.153847038717467,7.957736274327284,32,0.1,adam,0.001,tanh,4,100,15,0.7774,-0.0289508290614205
kelapa_gading,calendar,kalman_slow,42,residual,60,14,40,0.0123671935871243,0.0076402993872761,0.6696068391240586,82.24066789083534,9.068664063181265,7.220415298898633,0.7643036241703831,135.48990644762785,11.640013163550456,8.027914771860067,0.7430352839122454,147.71599784054135,12.153847038717467,7.957736274327284,32,0.1,adam,0.001,tanh,4,100,15,0.7774,-0.0130963758296168
kelapa_gading,calendar,no_smooth,42,residual,60,14,35,0.0125564932823181,0.0077300304546952,0.6657265870348914,83.20653087223569,9.12176139088475,7.239304241867592,0.749588828740495,143.9486969113079,11.997862180876554,8.350185552839234,0.7430352839122454,147.71599784054135,12.153847038717467,7.957736274327284,32,0.1,adam,0.001,tanh,4,100,15,0.7774,-0.0278111712595049
kelapa_gading,calendar,kalman_slow,2024,residual,60,14,31,0.0119765512645244,0.0079020569100975,0.6582875654773239,85.05823415727549,9.222702107152518,7.343652514525904,0.7094159436861345,167.04205343233195,12.924474977047693,9.574222507359949,0.7430352839122454,147.71599784054135,12.153847038717467,7.957736274327284,32,0.1,adam,0.001,tanh,4,100,15,0.7774,-0.0679840563138655
kelapa_gading,univariate,no_smooth,123,residual,60,1,28,0.0145040778443217,0.0081376237794756,0.648100824632294,87.59389309314761,9.359160918220589,7.296643638266967,0.7495681232528772,143.9605994472311,11.99835819798822,8.535391573844079,0.7430352839122454,147.71599784054135,12.153847038717467,7.957736274327284,32,0.1,adam,0.001,tanh,4,100,15,0.7774,-0.0278318767471227
kelapa_gading,univariate,no_smooth,2024,residual,60,1,38,0.0141912698745727,0.0082880714908242,0.6415948899837058,89.21333463768649,9.445281077749168,7.400956798989612,0.7452154643230543,146.46272256696236,12.102178422373484,8.814700605619388,0.7430352839122454,147.71599784054135,12.153847038717467,7.957736274327284,32,0.1,adam,0.001,tanh,4,100,15,0.7774,-0.0321845356769456
kelapa_gading,univariate,no_smooth,42,residual,60,1,32,0.0143865346908569,0.0083375228568911,0.6394564769612299,89.74562324417167,9.473416661594255,7.3773704974267345,0.7357287400639267,151.91615976063736,12.32542736624728,9.159882354866047,0.7430352839122454,147.71599784054135,12.153847038717467,7.957736274327284,32,0.1,adam,0.001,tanh,4,100,15,0.7774,-0.0416712599360732
kelapa_gading,calendar,kalman_slow,123,residual,30,14,67,0.0098922010511159,0.0115979174152016,0.6351521001463759,124.84071225419908,11.1732140521069,8.255691722647024,0.7110251486774524,153.1168363624913,12.374038805599865,9.388625803994255,0.7396722834181365,137.93780392327184,11.744692585303024,8.037986318830884,32,0.1,adam,0.001,tanh,4,100,15,0.7774,-0.0663748513225476
kelapa_gading,univariate,no_smooth,123,residual,30,1,67,0.0134423496201634,0.0117090744897723,0.6316552768009047,126.0372270683199,11.226630263276684,8.459205320799974,0.7707279125892184,121.48260144402506,11.021914599742871,7.886069310143487,0.7396722834181365,137.93780392327184,11.744692585303024,8.037986318830884,32,0.1,adam,0.001,tanh,4,100,15,0.7774,-0.0066720874107816
kelapa_gading,univariate,no_smooth,123,residual,30,1,51,0.0134374275803565,0.0117813255637884,0.6293824020584096,126.81494101934308,11.26121401179034,8.261885038201711,0.7693636398861363,122.20547791329425,11.054658652047753,7.951877699479358,0.7396722834181365,137.93780392327184,11.744692585303024,8.037986318830884,64,0.1,adam,0.001,tanh,4,100,15,0.7774,-0.0080363601138636
kelapa_gading,univariate,no_smooth,2024,residual,30,1,56,0.0136758824810385,0.0117966830730438,0.6288993142147787,126.98024012207718,11.26855093266553,8.379365568841571,0.7593046890985746,127.53533521633794,11.29315435192214,8.17314200890164,0.7396722834181365,137.93780392327184,11.744692585303024,8.037986318830884,64,0.1,adam,0.001,tanh,4,100,15,0.7774,-0.0180953109014253
kelapa_gading,calendar,no_smooth,42,residual,30,14,44,0.0109243858605623,0.0118138892576098,0.628358030445594,127.16545223732788,11.27676603629462,8.41610798570536,0.7764873777629395,118.43087883735508,10.882595225283126,7.866030592061752,0.7396722834181365,137.93780392327184,11.744692585303024,8.037986318830884,32,0.1,adam,0.001,tanh,4,100,15,0.7774,-0.0009126222370604
kelapa_gading,calendar,kalman_slow,2024,residual,30,14,39,0.0111060356721282,0.0118343224748969,0.6277152261087692,127.38540184175616,11.286514158133864,8.426266802725062,0.7589544241341578,127.7209273638714,11.301368384575005,8.337182337974403,0.7396722834181365,137.93780392327184,11.744692585303024,8.037986318830884,32,0.1,adam,0.001,tanh,4,100,15,0.7774,-0.0184455758658421
kelapa_gading,calendar,no_smooth,123,residual,30,14,48,0.0110244378447532,0.0118710659444332,0.6265593464128834,127.78091143513042,11.304021914129962,8.48639570079299,0.7675434027238769,123.1699526917708,11.09819592058866,8.177633257449122,0.7396722834181365,137.93780392327184,11.744692585303024,8.037986318830884,32,0.1,adam,0.001,tanh,4,100,15,0.7774,-0.009856597276123
kelapa_gading,univariate,no_smooth,2024,residual,30,1,63,0.014088517986238,0.0119716990739107,0.6233937087481327,128.8641038036893,11.351832618731184,8.483100607574208,0.7632491565761521,125.44531119335716,11.20023710433655,8.111787924547334,0.7396722834181365,137.93780392327184,11.744692585303024,8.037986318830884,32,0.1,adam,0.001,tanh,4,100,15,0.7774,-0.0141508434238478
kelapa_gading,calendar,no_smooth,2024,residual,30,14,41,0.0118935452774167,0.0120055302977561,0.6223293378576703,129.22830165194682,11.367862668591084,8.463912011721908,0.7710328203119419,121.32104238214735,11.014583168787976,8.005031594803937,0.7396722834181365,137.93780392327184,11.744692585303024,8.037986318830884,32,0.1,adam,0.001,tanh,4,100,15,0.7774,-0.0063671796880581
kelapa_gading,calendar,kalman_slow,42,residual,30,14,54,0.0113602504134178,0.0120070716366171,0.6222808975779545,129.24487655623966,11.368591669870092,8.341671568689062,0.6797395670152742,169.6938819633426,13.026660430184808,9.904933667090653,0.7396722834181365,137.93780392327184,11.744692585303024,8.037986318830884,32,0.1,adam,0.001,tanh,4,100,15,0.7774,-0.0976604329847258
kelapa_gading,univariate,no_smooth,42,residual,30,1,54,0.0141678545624017,0.0120186284184455,0.6219172606233978,129.36930291699716,11.374062726967754,8.509226085117726,0.760506041641434,126.89878397363704,11.26493603948274,8.170887231762107,0.7396722834181365,137.93780392327184,11.744692585303024,8.037986318830884,32,0.1,adam,0.001,tanh,4,100,15,0.7774,-0.0168939583585659
kelapa_gading,univariate,no_smooth,42,residual,30,1,44,0.0139120984822511,0.0122699663043022,0.6140107257082865,132.0746972762937,11.492375615002048,8.557195717246453,0.7458454023372949,134.66690185319533,11.604606923683168,8.407963175537859,0.7396722834181365,137.93780392327184,11.744692585303024,8.037986318830884,64,0.1,adam,0.001,tanh,4,100,15,0.7774,-0.031554597662705
us_embassy_2,calendar,no_smooth,42,residual,14,14,69,0.0063211331143975,0.0105372769758105,0.5858931048487959,143.41572780276823,11.975630580590243,7.940740128635628,0.4660320163466557,339.439405770934,18.42388139809128,12.660956877445637,0.5591195994721863,280.264333728982,16.741097148304885,11.809938922737928,32,0.1,adam,0.001,tanh,4,100,15,0.6579,-0.1918679836533443
us_embassy_2,calendar,no_smooth,2024,residual,7,14,65,0.0066474061459302,0.0105087365955114,0.5845886091302985,143.0272807331602,11.959401353460809,7.792764702642512,0.5829508424246955,255.69995344285664,15.99062079604343,11.248101352094483,0.5626834351137164,268.1262466308221,16.374560959940943,11.397830387913531,32,0.1,adam,0.001,tanh,4,100,15,0.6579,-0.0749491575753045
us_embassy_2,calendar,no_smooth,42,residual,7,14,66,0.006438170094043,0.0106928059831261,0.5773122867864957,145.5325384642812,12.063686769154826,7.925190868379471,0.5643739639100354,267.08975458507456,16.342880853297395,11.418408501473795,0.5626834351137164,268.1262466308221,16.374560959940943,11.397830387913531,32,0.1,adam,0.001,tanh,4,100,15,0.6579,-0.0935260360899646
us_embassy_2,calendar,no_smooth,2024,residual,14,14,62,0.0063657280988991,0.0108127612620592,0.5750667820530894,147.1651581584425,12.13116474863162,7.843419822311094,0.5304704502788382,298.4763810346988,17.27646899787971,12.005721930345514,0.5591195994721863,280.264333728982,16.741097148304885,11.809938922737928,32,0.1,adam,0.001,tanh,4,100,15,0.6579,-0.1274295497211618
us_embassy_2,calendar,no_smooth,123,residual,7,14,64,0.0065602189861238,0.010764243081212,0.574488369201669,146.50482103055057,12.103917590208162,8.001727809677453,0.5811811179316627,256.7850017213524,16.024512526793206,11.159517443113614,0.5626834351137164,268.1262466308221,16.374560959940943,11.397830387913531,32,0.1,adam,0.001,tanh,4,100,15,0.6579,-0.0767188820683373
us_embassy_2,calendar,kalman_slow,42,residual,7,14,61,0.0066085243597626,0.0108925364911556,0.5694169378725806,148.25092874056276,12.175833800629947,7.926845222711919,0.6336472844153036,224.61709996802068,14.987231230885198,10.691441728314397,0.5626834351137164,268.1262466308221,16.374560959940943,11.397830387913531,32,0.1,adam,0.001,tanh,4,100,15,0.6579,-0.0242527155846964
us_embassy_2,calendar,kalman_slow,42,residual,14,14,61,0.0066332765854895,0.0112408054992556,0.5582449147309045,152.99099775025095,12.368952977121827,8.42830706199472,0.5470766996470632,287.9199139988517,16.96820302798301,12.39937470973278,0.5591195994721863,280.264333728982,16.741097148304885,11.809938922737928,32,0.1,adam,0.001,tanh,4,100,15,0.6579,-0.1108233003529368
us_embassy_2,calendar,kalman_slow,2024,residual,7,14,52,0.0072723063640296,0.0111803291365504,0.5580404193138684,152.1678952692281,12.335635178993748,8.137027658692359,0.6086366662196407,239.9515366694144,15.490369158590584,11.217761405298656,0.5626834351137164,268.1262466308221,16.374560959940943,11.397830387913531,32,0.1,adam,0.001,tanh,4,100,15,0.6579,-0.0492633337803593
us_embassy_2,calendar,kalman_slow,2024,residual,14,14,60,0.0065140244551002,0.0113309379667043,0.5547027927895121,154.21772447742958,12.418442916784278,8.056248858642293,0.5699354584847267,273.388774016581,16.534472293259952,11.648760188644973,0.5591195994721863,280.264333728982,16.741097148304885,11.809938922737928,32,0.1,adam,0.001,tanh,4,100,15,0.6579,-0.0879645415152733
us_embassy_2,calendar,kalman_slow,123,residual,14,14,68,0.006374089512974,0.0114482305943965,0.550093225291008,155.81413469274983,12.482553212093665,8.290821059968914,0.5219342022576504,303.90280929356305,17.43280841670564,12.509003133039911,0.5591195994721863,280.264333728982,16.741097148304885,11.809938922737928,32,0.1,adam,0.001,tanh,4,100,15,0.6579,-0.1359657977423496
us_embassy_2,calendar,no_smooth,123,residual,14,14,62,0.0069030271843075,0.0116470335051417,0.542280578497266,158.51985256200044,12.590466733286757,8.752591508595518,0.6013481131103605,253.4199872236728,15.919170431390976,11.361626803486311,0.5591195994721863,280.264333728982,16.741097148304885,11.809938922737928,32,0.1,adam,0.001,tanh,4,100,15,0.6579,-0.0565518868896395
us_embassy_2,calendar,kalman_slow,123,residual,7,14,61,0.006682327017188,0.0117192286998033,0.5367376704361484,159.50249010964106,12.629429524315066,8.445808275300951,0.612316029207046,237.6956564512436,15.417381634092203,11.19392110817644,0.5626834351137164,268.1262466308221,16.374560959940943,11.397830387913531,32,0.1,adam,0.001,tanh,4,100,15,0.6579,-0.045583970792954
us_embassy_2,calendar,no_smooth,2024,residual,30,14,74,0.0065026748925447,0.011985526420176,0.5095332127180799,163.1268877528122,12.772113676005716,8.569550378656906,0.5484231369057917,290.21860883020247,17.035803733026583,12.159829586350313,0.5568445413990055,284.80635568758066,16.87620679203655,12.289939918466036,32,0.1,adam,0.001,tanh,4,100,15,0.6579,-0.1094768630942083
us_embassy_2,calendar,kalman_slow,2024,residual,30,14,67,0.0061546298675239,0.012210140004754,0.5003417586595064,166.1839210390156,12.891234271357249,8.836197699197538,0.523145925384932,306.46372181589646,17.506105272615507,12.18285931752856,0.5568445413990055,284.80635568758066,16.87620679203655,12.289939918466036,32,0.1,adam,0.001,tanh,4,100,15,0.6579,-0.134754074615068
us_embassy_2,calendar,no_smooth,123,residual,30,14,90,0.0081539489328861,0.0124828685075044,0.4891811806370152,169.89587545782712,13.034411204877154,8.70198390379247,0.6062917889170691,253.027687296899,15.90684403949756,11.775732381657704,0.5568445413990055,284.80635568758066,16.87620679203655,12.289939918466036,32,0.1,adam,0.001,tanh,4,100,15,0.6579,-0.0516082110829309
us_embassy_2,calendar,no_smooth,42,residual,30,14,99,0.0079763876274228,0.01262944098562,0.4831832245128715,171.89076673442457,13.110711907994338,8.719063761699493,0.6113814765182692,249.7566559936577,15.80369121419606,11.60511321256526,0.5568445413990055,284.80635568758066,16.87620679203655,12.289939918466036,32,0.1,adam,0.001,tanh,4,100,15,0.6579,-0.0465185234817308
us_embassy_2,calendar,kalman_slow,42,residual,30,14,71,0.0067343609407544,0.012679174542427,0.4811479971650945,172.56767353366405,13.13650157133413,8.940559839279526,0.4633358298763316,344.902366775628,18.57154723698669,13.106016364252216,0.5568445413990055,284.80635568758066,16.87620679203655,12.289939918466036,32,0.1,adam,0.001,tanh,4,100,15,0.6579,-0.1945641701236684
us_embassy_2,calendar,kalman_slow,123,residual,30,14,75,0.0072415894828736,0.0127420620992779,0.4785746207762081,173.42356610829074,13.169038161851104,8.943801860036148,0.5940497891210066,260.8953537795631,16.152255377487165,11.774826910289184,0.5568445413990055,284.80635568758066,16.87620679203655,12.289939918466036,32,0.1,adam,0.001,tanh,4,100,15,0.6579,-0.0638502108789934
us_embassy_2,calendar,no_smooth,123,residual,60,14,65,0.006524336989969,0.0115851182490587,0.4425105020581894,157.67718916837669,12.556957799099935,8.31732901174826,0.5538638742410358,302.17169627356725,17.38308650020379,12.25096150786746,0.6406778105833403,243.371897534757,15.600381326581635,11.691232851839793,32,0.1,adam,0.001,tanh,4,100,15,0.6579,-0.1040361257589642
us_embassy_2,calendar,kalman_slow,123,residual,60,14,66,0.0061828824691474,0.0121022658422589,0.4176248097848908,164.71571818578337,12.834162153634468,8.49733489184542,0.5782078185976544,285.68334095888684,16.902169711575105,12.101667650878923,0.6406778105833403,243.371897534757,15.600381326581635,11.691232851839793,32,0.1,adam,0.001,tanh,4,100,15,0.6579,-0.0796921814023456
us_embassy_2,calendar,no_smooth,42,residual,60,14,70,0.0063395770266652,0.0122143384069204,0.4122317093614448,166.2410723293344,12.893450753360575,8.304985504963591,0.4658290826656435,361.7983903821686,19.0209986694224,13.624895232526988,0.6406778105833403,243.371897534757,15.600381326581635,11.691232851839793,32,0.1,adam,0.001,tanh,4,100,15,0.6579,-0.1920709173343565
us_embassy_2,calendar,kalman_slow,42,residual,60,14,94,0.007083126809448,0.0123750176280736,0.4044996309571722,168.4279698291371,12.977980190658988,8.681361132156518,0.6406033322350806,243.42234233743025,15.601998023888806,11.178722001362797,0.6406778105833403,243.371897534757,15.600381326581635,11.691232851839793,32,0.1,adam,0.001,tanh,4,100,15,0.6579,-0.0172966677649194
us_embassy_2,calendar,no_smooth,2024,residual,60,14,81,0.0066559221595525,0.012458817102015,0.4004670300000691,169.5685279675437,13.021848101077808,8.568920491481723,0.6497312487660968,237.23992880405297,15.402594872425002,10.979040448596267,0.6406778105833403,243.371897534757,15.600381326581635,11.691232851839793,32,0.1,adam,0.001,tanh,4,100,15,0.6579,-0.0081687512339032
us_embassy_2,calendar,kalman_slow,2024,residual,60,14,94,0.0068337558768689,0.0124825853854417,0.3993232449337738,169.89202969256638,13.034263680490984,8.798693080710215,0.6324892371990729,248.9180861680476,15.777138085471888,11.365273444815768,0.6406778105833403,243.371897534757,15.600381326581635,11.691232851839793,32,0.1,adam,0.001,tanh,4,100,15,0.6579,-0.0254107628009271
